KhuVuc,SoNguoi,HocPhi,YPhi,PhiLe,PhiAnUong,PhiDiLai,PhiDinhKi,PhiDienNuoc,ChiPhiKhac,NgoaiTru,NoiTru,PhiThuoc,HoNgheo,Tuoi
Nong Thon,4,0,0,62.75,820.7999878,215,68.33333588,20,25.83333397,0,0,0,1,19
Nong Thon,5,24.66666603,2.5,176.125,928.5,280,190,6,52.5,2.5,0,0,1,29
Nong Thon,3,59.58333206,0,113.6666641,786.5,219,107.9166641,15,73.75,0,0,0,1,44
Nong Thon,4,8.75,1.666666627,137.8333282,650,91,95.91666412,0,550,0,0,1.666666667,1,25
Nong Thon,5,53.33333206,10.83333302,89.91666412,1286,309,53.33333206,17.5,35.83333206,0,0,9.166666667,1,41
Nong Thon,5,261.0833435,139.5833282,136.1666718,738,192,125.4166641,55,97.91666412,58.33333333,0,25,1,32
Nong Thon,1,0,50,34.33333206,555,67,24.58333397,10,62.5,0,33.33333333,16.66666667,1,63
Nong Thon,2,0,41.66666794,98,955,113,70.41666412,55,53.58333206,33.33333333,0,8.333333333,1,78
Thanh Pho,1,0,33.75,21.16666603,529,55,234.5833282,20,60,27.08333333,0,13.33333333,1,66
Thanh Pho,1,0,0,18.16666603,285,43,20.83333397,32.83333206,0,0,0,0,1,63
Nong Thon,2,0,62.5,80.41666412,635,160,21.66666603,26,43.75,20,13.33333333,12.5,1,66
Nong Thon,5,0,33.33333206,211.25,1732,363,135.8333282,0,36.25,0,29.16666667,4.166666667,1,45
Nong Thon,5,9.333333015,68.66666412,138.5833282,1349,350,156.25,1,41.66666794,14.5,0,54.16666667,1,66
Nong Thon,4,0,3.333333254,189.4000092,1055.599976,327,281.6666565,0,41.66666794,0,0,3.333333333,1,22
Nong Thon,4,0,6.25,131.75,895,175,90,25,10.83333302,0,0,6.25,1,26
Nong Thon,1,0,0,41.5,420,64,14.16666698,0,8.333333015,0,0,0,1,48
Nong Thon,2,0,12.5,96.75,650,93,247.9166718,31.66666603,78.75,0,0,12.5,1,60
Nong Thon,4,20,25,54.83333206,1232,120,54.58333206,60,194.6666718,0,0,25,1,57
Nong Thon,1,0,125,29.75,419,50,22.5,2.5,83.33333588,41.66666667,0,83.33333333,1,59
Nong Thon,3,0,19.16666603,23.70833397,407,266,36.83333206,41.66666794,26.66666603,14.16666667,0,5,1,27
Nong Thon,2,0,10,43.41666794,479,150,37.5,6.666666508,30.83333397,10,0,0,1,51
Nong Thon,3,10,4.166666508,23.33333397,716,293,77.5,20,25,0,0,4.166666667,1,40
Thanh Pho,2,0,65.83333588,68.66666412,636,210,31.41666603,22.5,0,0,0,0,1,76
Nong Thon,2,0,258.3333435,26.66666603,542,23,20,25.83333397,12.5,258.3333333,0,0,1,82
Nong Thon,5,19.16666603,4.166666508,181.75,630,429,59.16666794,6.25,10.83333302,0,0,4.166666667,1,28
Nong Thon,2,0,162.5,77,752,125,64.75,38,138.8333282,0,20.83333333,135,1,75
Nong Thon,6,194.1666718,87.16666412,213.0833282,1541,159,33.41666794,48.83333206,1.666666627,31.91666667,0,12.5,1,38
Thanh Pho,4,115.9166641,187.5,87.91666412,1098,317,140.8333282,40,37.5,187.5,0,0,1,38
Nong Thon,5,10.83333302,31.66666603,116,1126,410,114.5833359,4,14.16666698,0,0,31.66666667,1,33
Nong Thon,4,77.41666412,16.25,57.66666794,810,332,137.0833282,35,100,10.41666667,0,5.833333333,1,34
Nong Thon,4,47.5,20.83333397,46.83333206,844,279,143.3333282,38.33333206,183.3333282,14.16666667,0,5.833333333,1,31
Nong Thon,4,45.83333206,104.1666641,71.75,1110,118,73.33333588,20,45.41666794,104.1666667,0,0,1,30
Nong Thon,4,44.5,0,135,768,120,66.41666412,10,29.16666603,0,0,0,1,35
Nong Thon,5,47.33333206,0,56.83333206,908,204,44.75,2.5,13.83333302,0,0,0,1,29
Nong Thon,3,0,19.16666603,55.83333206,811,170,25,512.5,27.5,16.66666667,0,2.5,1,82
Nong Thon,2,0,151,101.8333359,748,100,103.8333359,20.83333397,81.66666412,133.5,0,35,1,56
Nong Thon,4,140.4166718,62.83333206,87.08333588,932,210,179.4166718,48.33333206,346.6666565,0,0,47.5,1,80
Nong Thon,1,0,15.83333302,42.75,394,38,24.16666603,10,29.66666603,10.83333333,0,15,1,65
Nong Thon,9,344.8333435,242.0833282,50.75,1609,179,115.25,46,23.66666603,141.6666667,59.16666667,40.41666667,1,61
Nong Thon,5,8,0,52.91666794,1668,222,60.41666794,43.33333206,45,0,0,0,1,55
Nong Thon,2,0,25.58333397,49.91666794,939,145,103.25,44.33333206,199.1666718,18,0,12.66666667,1,44
Nong Thon,4,0,78.33333588,83.25,1327,511,113.1666641,74.66666412,42.83333206,55,0,46.66666667,1,37
Nong Thon,4,300.8333435,21.66666603,67.5,1165,228,224.5833282,40,125,0,0,6.666666667,1,38
Nong Thon,4,53.08333206,5.166666508,81.25,1274,176,91.25,456.6666565,51.66666794,0,0,5.166666667,1,33
Nong Thon,4,60.75,10.41666698,148.75,1113,161,183.3333282,23.33333397,105,0,0,10.41666667,1,36
Nong Thon,5,23.75,59.16666794,61.66666794,1035,359,300.4166565,12,48.33333206,15,26.66666667,10.83333333,1,28
Nong Thon,4,35.83333206,22.91666603,100.75,1116,164,142.3333282,208.3333282,30,0,0,11.25,1,40
Nong Thon,1,0,37.5,20.08333397,449,132,18.5,30,33.33333206,29.16666667,0,8.333333333,1,76
Nong Thon,3,12.08333302,12,16.66666603,810,394,59.16666794,10,58.33333206,0,0,12,1,42
Nong Thon,10,111.25,15.83333302,84.91666412,1426,66,274.3333435,0,87.25,15.83333333,0,0,1,42
Nong Thon,11,43.33333206,683.333313,151,2076,112,135,145,21.66666603,0,666.6666667,16.66666667,1,41
Nong Thon,4,92,20.83333397,52.25,878.5,438,116.0833359,50,45.83333206,0,0,0,1,37
Nong Thon,2,0,1.666666627,34.91666794,481,743,5.416666508,50,25,1.666666667,0,0,1,84
Nong Thon,4,74.66666412,20,93.16666412,808.0999756,159,122.8333359,46.16666794,79.16666412,8.333333333,0,5,1,37
Nong Thon,3,53.33333206,21.66666603,63.25,1180,201,79.66666412,2.916666746,61.83333206,8.333333333,0,12.5,1,76
Nong Thon,5,1.666666627,4.166666508,12.25,389,49,12.5,0,0,0,0,4.166666667,1,32
Nong Thon,4,39.16666794,86.41666412,83.75,942,310,87.16666412,50,103.3333359,32.5,0,41.66666667,1,27
Nong Thon,2,0,346.6666565,97.91666412,713,88,55.83333206,51,36.66666794,32.5,293.3333333,37.5,1,80
Thanh Pho,6,60.83333206,42.91666794,138.1666718,1363,110,137.5,65,48,0,0,29.16666667,1,42
Nong Thon,3,252.5,10,134.0833282,969,443,71.16666412,23.33333397,55.66666794,0,0,10,1,55
Nong Thon,1,0,0,55.83333206,399,106,42.75,8.5,90.83333588,0,0,0,1,44
Nong Thon,4,144.75,114.1666641,134,1106,279,154.5833282,84.16666412,138,4.833333333,30.83333333,29.16666667,1,45
Nong Thon,5,58.33333206,0,48.25,1268,298,80.83333588,34,12.5,0,0,0,1,62
Nong Thon,4,0,186.6666718,36.25,1311,295,119.1666641,36.66666794,109.1666641,20,150,16.66666667,1,38
Nong Thon,3,0,0,48.5,856.5,263,47.91666794,30,27.5,0,0,0,1,28
Nong Thon,4,15,0,69.75,691,180,21.66666603,19.66666603,29.16666603,0,0,0,1,24
Nong Thon,4,43.33333206,6.666666508,63.75,1294,359,200.8333282,33.33333206,22.91666603,0,0,6.666666667,1,31
Nong Thon,5,58.75,14.16666698,73.66666412,1650,303,93.91666412,14.16666698,26.83333397,5.833333333,0,8.333333333,1,38
Nong Thon,2,0,45.41666794,38.5,509,115,11.08333302,50,174.1666718,0,0,12.5,1,71
Nong Thon,1,0,6.666666508,40.66666794,307,120,24.5,10,22.91666603,4.166666667,0,2.5,1,54
Nong Thon,2,0,10.83333302,36.66666794,308,176,19.25,16.66666603,28.75,9.166666667,0,1.666666667,1,70
Nong Thon,9,105.8333359,24.16666603,0,1868,449,185,31.25,12.5,8.333333333,0,15.83333333,1,44
Nong Thon,4,204.1666718,18.5,47,1259,475,167.9166718,0,62.25,1.666666667,0,16.66666667,1,36
Thanh Pho,2,0,1.666666627,25.41666603,565,176,18.33333397,50,16.66666603,0,1.666666667,0,1,73
Nong Thon,2,0,363.3333435,126.5833359,509,114,78.33333588,75,25,363.3333333,0,0,1,70
Nong Thon,3,29.16666603,4.166666508,55.83333206,738,185,100,45.83333206,16.66666603,0,0,4.166666667,1,37
Nong Thon,8,10.83333302,0,145.4166718,1550,168,146.25,20,12.5,0,0,0,1,50
Nong Thon,2,0,503.3333435,63.83333206,376,47,30.16666603,7.083333492,204.8333282,35.41666667,463.3333333,8.333333333,1,84
Nong Thon,1,0,43.33333206,105.8333359,486,130,24,12.5,125.8333359,6.666666667,13.33333333,23.33333333,1,68
Nong Thon,3,0,17.5,26.66666603,641.5,99,26.66666603,20,18.16666603,0,0,35,1,53
Thanh Pho,4,153.3333282,14.16666698,63.25,1042,328,55.41666794,40,50,14.16666667,0,0,1,43
Nong Thon,6,0,1.666666627,82.91666412,1754,266,116.6666641,30,43.33333206,0,0,0,1,57
Nong Thon,3,0,64.16666412,29.25,750,131,58.75,29.33333397,85,15,46.66666667,1.666666667,1,46
Thanh Pho,5,0,92.91666412,80.41666412,1416,286,160.8333282,260,300,26.66666667,0,33.33333333,1,70
Nong Thon,3,133.3333282,16.33333397,214.5833282,900,268,43.33333206,45.83333206,16.66666603,0,0,8.333333333,1,38
Nong Thon,5,25.83333397,23.33333397,140.75,706,414,74.16666412,9.583333015,9.166666985,0,4.166666667,19.16666667,1,31
Nong Thon,3,1.666666627,52.91666794,161.0833282,1050,214,108.25,108.3333359,75,44.58333333,0,8.333333333,1,31
Nong Thon,1,0,0,19.16666603,285,81,35.41666794,0,28.33333397,0,0,0,1,70
Nong Thon,3,100.8333359,0,72.5,1092,234,170,36,96.66666412,0,0,0,1,36
Nong Thon,3,0,45.83333206,60.5,1362,244,81.66666412,41.66666794,47.5,33.33333333,0,12.5,1,47
Nong Thon,3,36.08333206,262,32.08333206,412,153,106.5,15,50,34.16666667,175,112.5,1,37
Nong Thon,4,5,12.5,89.58333588,751,218,77.91666412,30,23.91666603,12.5,0,0,1,33
Nong Thon,5,212.5,20.83333397,96.91666412,1086.599976,175,130,30,89.16666412,0,0,20.83333333,1,37
Nong Thon,2,0,12.5,83.16666412,600.5,105,137.0833282,35,147.0833282,0,0,12.5,1,57
Nong Thon,3,28.33333397,65.75,50.16666794,424,421,245,70,291.6666565,20.83333333,0,33.33333333,1,49
Thanh Pho,4,0,47.5,35.41666794,1026,199,22.91666603,88,61.5,12.5,25,10,1,52
Nong Thon,4,275,97.33333588,153.8333282,2533,460,315.8333435,194.3333282,332.5,41.66666667,0,25,0,40
Nong Thon,3,0,605,80,1000,275,106.6666641,62.33333206,65.5,67.5,391.6666667,120.8333333,0,62
Nong Thon,4,0,87.5,94.83333588,1172,584,326.4166565,60,593.333313,54.16666667,0,60,0,59
Thanh Pho,2,637.5,362.5,184.5833282,2616,777,1168.333374,868.5,960,279.1666667,0,83.33333333,0,27
Thanh Pho,4,937.5,34.16666794,328.0833435,1870,1140,1130,2095,471.25,0,0,0,0,46
Nong Thon,3,0,0,215.75,1545,729,281.25,16.66666603,139.5833282,0,0,0,0,42
Thanh Pho,4,344.1666565,113.3333359,271.9166565,3207.5,663,749.333313,1018,455,33.33333333,0,66.66666667,0,37
Nong Thon,4,0,1316.666626,158.25,1747,313,480,25,8.333333015,583.3333333,583.3333333,150,0,52
Nong Thon,5,725,42.66666794,314.1666565,2285,450,626.666687,165,383.3333435,0,0,33.33333333,0,54
Nong Thon,4,283.3333435,110,61.58333206,1423,490,223.3333282,83.33333588,232.6666718,89.16666667,0,20.83333333,0,42
Thanh Pho,5,996.666687,98.33333588,303.1666565,3568,2950,634,241,361.25,0,0,58.33333333,0,73
Nong Thon,3,0,27.5,134.6666718,1472,388,186.3333282,75,148.1666718,21.66666667,0,5.833333333,0,51
Nong Thon,3,82.08333588,383.3333435,60.66666794,1268,256,177.75,32,60.41666794,0,83.33333333,291.6666667,0,28
Nong Thon,5,0,573.333313,180.8333282,1986,405,935,88.33333588,1592.5,0,500,41.66666667,0,48
Nong Thon,3,0,430,134.6666718,1013.5,97,107.8333359,12,268.3333435,125,300,3.333333333,0,48
Nong Thon,3,0,279.1666565,211.25,1937,188,91.25,50,50,258.3333333,0,20.83333333,0,60
Nong Thon,5,0,75,83.33333588,2362,1055,347.9166565,50,422.0833435,25,0,50,0,57
Nong Thon,8,50,739.166687,253.6666718,3609,971,1048.75,766.666687,542.166687,655.8333333,0,83.33333333,0,47
Nong Thon,2,0,202.5,39.91666794,795,171,48.25,20,105,60,125,33.33333333,0,52
Nong Thon,4,0,117.0833359,91.66666412,1198,253,121.25,15,102.6666641,13.33333333,100,3.75,0,29
Nong Thon,4,0,51.66666794,106.5833359,1708,285,247.3333282,40,295,40,0,11.66666667,0,53
Thanh Pho,4,1018,236.6666718,125,4208,674,789.583313,216,358.3333435,208.3333333,0,8.333333333,0,46
Nong Thon,5,491.6666565,751.666687,404.5833435,2434.5,1485,806.666687,110.8333359,345.8333435,83.33333333,0,666.6666667,0,54
Nong Thon,4,254.3333282,45,139.5833282,1530,131,129.5833282,25,85,12.5,0,6.666666667,0,39
Thanh Pho,5,4416.666504,71,224,2250,793,315.8333435,205.8333282,133.3333282,4.166666667,0,16.66666667,0,54
Nong Thon,5,125,30.33333397,160.6666718,2330,425,283.75,40,50.25,0,0,5,0,42
Nong Thon,4,113.1666641,54.16666794,137.5,2732,1390,612.5,105,69.58333588,45.83333333,0,8.333333333,0,40
Nong Thon,4,550,138.25,64.5,1737,710,705,75,166.6666718,29.16666667,0,16.66666667,0,46
Thanh Pho,1,0,25.25,135,1091,277,169.4166718,476,50,15.66666667,0,5.25,0,18
Nong Thon,3,0,90,182.75,4483,1655,1079.166626,250,250,0,0,25,0,72
Nong Thon,4,0,55.41666794,147.8333282,2822,480,149.5833282,72,300,0,41.66666667,12.5,0,50
Thanh Pho,4,354.3333435,70,157.8333282,2584,1411,376.6666565,315,79.5,0,0,40,0,41
Nong Thon,5,145.8333282,380.8333435,82.5,1815,1025,120.8333359,220,25,125,208.3333333,12.5,0,42
Nong Thon,4,2336.666748,24.16666603,145.8333282,3629,526,329.1666565,133.3333282,338.3333435,0,0,11.66666667,0,39
Nong Thon,6,57.66666794,30,160.75,1895,519,620,180,379.1666565,0,0,30,0,41
Thanh Pho,3,175,133,217.25,3180,1200,675.416687,307.5,583.333313,104.1666667,0,29.33333333,0,55
Nong Thon,4,57.58333206,245.25,123.3333359,2183,755,322.5,150,254.3333282,27.5,208.3333333,1.083333333,0,33
Nong Thon,3,0,6.666666508,86.33333588,1014,234,449.1666565,60,100,0,0,6.666666667,0,50
Thanh Pho,4,963.333313,50,485.8333435,4100,2010,845.416687,316.6666565,425,0,0,16.66666667,0,38
Nong Thon,4,193.3333282,27.5,126.3333359,1542,175,150,91,208.3333282,0,0,25,0,45
Nong Thon,4,0,8.333333015,115.75,1405,451,329.5833435,15,4.666666508,0,0,8.333333333,0,47
Nong Thon,4,25,0,158.9166718,2659,1582,478.3333435,0,137.5,0,0,0,0,30
Thanh Pho,5,0,358.3333435,192.9166718,2172,670,264.1666565,110,430.8333435,83.33333333,108.3333333,125,0,37
Nong Thon,5,0,329.3333435,196.4166718,2500,1072,497.5,116.6666641,364.1666565,291.8333333,16.66666667,20.83333333,0,52
Thanh Pho,5,81.08333588,69.16666412,113.4166641,1370,409,346.9166565,40,251.25,33.33333333,0,20,0,44
Nong Thon,4,88.58333588,21,150.1666718,1431,542,145.4166718,105.8333359,75.83333588,0,0,10,0,40
Nong Thon,3,0,153.3333282,355.5833435,2075,383,250.4166718,54.16666794,170,135.8333333,0,35,0,44
Nong Thon,6,148.3333282,565,416.6666565,6200,1954,1229.166626,451.6666565,856.5,103.3333333,291.6666667,166.6666667,0,52
Nong Thon,5,130,320.8333435,123.6666641,1818,550,246.4166718,32.5,220.4166718,50,229.1666667,41.66666667,0,34
Nong Thon,4,143.8333282,40,155.8333282,1493,426,244.1666718,44,217.8333282,0,0,20,0,35
Nong Thon,5,45.83333206,39.16666794,249.5833282,2567,297,255.9166718,750.833313,235.8333282,16.66666667,0,20.83333333,0,62
Nong Thon,4,3673.166748,44.83333206,372.1666565,3744,457,714.166687,116.25,366.4166565,10,0,8.333333333,0,50
Nong Thon,7,721.666687,52.5,284.5,2769,706,222.1666718,65,99.83333588,37.5,0,15,0,56
Nong Thon,1,0,100.8333359,119.0833359,705,110,45.08333206,35,22.5,0,54.16666667,45.83333333,0,75
Nong Thon,5,0,104.1666641,102.9166641,2005,418,456.25,31.66666603,740.833313,16.66666667,83.33333333,4.166666667,0,53
Nong Thon,4,71.66666412,237.5,242.1666718,3926,462,427.5,306.6666565,137.5,183.3333333,50,8.333333333,0,27
Thanh Pho,3,0,276.6666565,128.75,1767,375,185.1666718,40,177.9166718,0,83.33333333,166.6666667,0,68
Nong Thon,5,213.3333282,2577.916748,107.5833359,2127,587,194.5833282,74.16666412,97.75,62.5,2500,0,0,33
Thanh Pho,4,133.75,308.25,245.3333282,10102,1260,513.333313,423.3333435,108.3333359,128.3333333,0,250,0,75
Thanh Pho,4,1304.416626,206.9166718,213.3333282,3567,1150,468.3333435,198.8333282,221.6666718,0,166.6666667,8.333333333,0,42
Nong Thon,3,0,125,111.3333359,1123,605,123.3333359,40,54.16666794,83.33333333,0,41.66666667,0,56
Nong Thon,4,0,8.666666985,168.5,1803,619,131.4166718,50,114,4.166666667,0,4.5,0,55
Nong Thon,4,1240.833374,0,103.5,833,319,92.66666412,68,809.583313,0,0,0,0,58
Nong Thon,2,25,22.08333397,91.66666412,1127,291,268.3333435,58.33333206,258.3333435,22.08333333,0,0,0,35
Thanh Pho,3,0,68.33333588,194.3333282,3471,968,2021.416626,346.3333435,305.8333435,0,0,41.66666667,0,48
Thanh Pho,4,360.8333435,44.16666794,110,1723,642,189.1666718,314.1666565,80,0,0,25,0,44
Nong Thon,9,1195.833374,81.66666412,203.5,2285,581,185.8333282,60,183.3333282,22.5,0,29.16666667,0,47
Nong Thon,4,475,83.33333588,117.1666641,1891,525,295.8333435,140,241.6666718,60,0,8.333333333,0,41
Thanh Pho,4,235.25,100.5833359,375.8333435,4245,2793,686.416687,192,693,30.75,0,29.33333333,0,45
Thanh Pho,2,0,57.5,206.9166718,2453,848,152.5,90,22,15.83333333,0,83.33333333,0,52
Thanh Pho,5,170,40,140.0833282,2704,1467,93.33333588,445,260,0,0,16.66666667,0,51
Nong Thon,5,62.83333206,223.0833282,61.41666794,1525,335,128.75,160,2.5,156.25,0,1.666666667,0,80
Nong Thon,6,16.66666603,4000,60.83333206,2790,842,296.6666565,79.16666412,125,166.6666667,3833.333333,0,0,64
Thanh Pho,4,505.25,247.25,145,3444,581,603.75,134,374.6666565,130.4166667,81.66666667,7.833333333,0,54
Thanh Pho,3,120.8333359,40.33333206,77.25,2019,452,134.1666718,70,54.16666794,0,0,25,0,52
Thanh Pho,2,0,696.666687,45.66666794,1074,253,98.58333588,4243.5,250.5,675,0,21.66666667,0,66
Thanh Pho,4,835.416687,37.5,95,1277,672,649.166687,22.5,310.8333435,0,0,5.416666667,0,37
Nong Thon,4,51.83333206,641.666687,185,2890,1117,243.3333282,0,62.5,583.3333333,0,50,0,34
Nong Thon,6,127.75,74.58333588,199.5,3170,770,284.5833435,37.5,312.5,25,0,20,0,43
Thanh Pho,4,958.333313,131.6666718,291.25,3384,1601,672.5,390.3333435,267.5,70.83333333,0,60.83333333,0,45
Thanh Pho,6,115,659.166687,555.75,11553,12102,1563.333374,548,964.166687,125.8333333,0,475,0,63
Nong Thon,3,713.333313,125,54.75,1954,500,349.1666565,347.6666565,275,33.33333333,66.66666667,50,0,23
Nong Thon,3,194.1666718,54.16666794,132.9166718,1627,535,250,222.5,245,12.5,0,29.16666667,0,39
Nong Thon,4,0,10,246.25,2976,230,240.8333282,30,703.166687,0,0,10,0,55
Nong Thon,4,1104.166626,824.583313,252.1666718,2343,1191,241.6666718,74.16666412,303.3333435,0,125,1333.333333,0,54
Nong Thon,4,206.6666718,19.16666603,118.75,1361,270,154.8333282,80,118.3333359,0,0,5,0,41
Nong Thon,6,0,294.1666565,96.16666412,2154,395,268.3333435,70,351.1666565,0,252.5,41.66666667,0,49
Nong Thon,2,0,487.5,229.6666718,1410,154,528,78.16666412,1383.166626,237.5,0,500,0,69
Nong Thon,5,525,84.58333588,186.3333282,2143,462,389.1666565,166.6666718,259.1666565,54.16666667,0,15,0,46
Thanh Pho,5,394.1666565,642.583313,374.5833435,5854,1910,2312.083252,9099.333008,1810,388.3333333,0,208.3333333,0,34
Thanh Pho,2,220.8333282,175,31.91666603,1589,357,348.3333435,100,88.33333588,162.5,0,12.5,0,28
Nong Thon,3,0,8.333333015,109.5,1554,413,153.75,35,110.8333359,0,0,8.333333333,0,26
Nong Thon,5,1673.166626,147.6666718,171.0833282,2723,448,467.0833435,105.1666641,176.3333282,75,0,26.66666667,0,45
Nong Thon,2,821.25,105.4166641,62.33333206,1805,89,162.5,10.16666698,49.5,91.66666667,0,16.66666667,0,53
Nong Thon,3,0,29.16666603,140.75,794,245,234.1666718,35,1717.5,12.5,0,16.66666667,0,49
Nong Thon,4,48.66666794,76.25,106.5833359,2470,341,268.3333435,30,255.75,22.08333333,0,49.16666667,0,46
Nong Thon,3,104.1666641,347.0833435,101.25,1633,488,187.6666718,76,21,145.8333333,166.6666667,20.83333333,0,52
Nong Thon,5,108.8333359,205.5833282,297.0833435,1612,678,432.5,41.66666794,220.8333282,16.66666667,33.33333333,66.66666667,0,44
Thanh Pho,8,70,130.6666718,354.6666565,8799,1989,1252.083374,213.6666718,801.666687,34.16666667,0,79.16666667,0,56
Nong Thon,4,390,250.6666718,210.4166718,2071,1148,281.6666565,966.666687,249.5833282,41.66666667,166.6666667,12.5,0,40
Nong Thon,4,58.75,111.6666641,189.5,2427,374,274.1666565,208.3333282,386.8333435,83.33333333,0,23.33333333,0,34
Thanh Pho,5,982.5,55.33333206,230.0833282,3176,795,660,129.1666718,253.3333282,0,0,20.83333333,0,62
Nong Thon,4,787.5,158,194.5833282,2778,1066,580,400,107.5,26.66666667,0,100,0,41
Thanh Pho,4,224.3333282,448.3333435,150.5833282,3921,874,1196.333374,248.3333282,66.5,400,0,37.5,0,55
Nong Thon,4,491.6666565,97.58333588,41.16666794,1687,153,175,60,60.66666794,0,16.66666667,41.66666667,0,52
Nong Thon,9,0,101.6666641,69.58333588,2703,477,385.8333435,15,120.8333359,0,41.66666667,60,0,60
Thanh Pho,3,575,450.8333435,177.4166718,1751,637,636.25,115,473.8333435,375,0,58.33333333,0,45
Nong Thon,1,0,0,73.75,485,225,420.8333435,28,204.1666718,0,0,0,0,44
Thanh Pho,6,163.75,861.666687,153.6666718,1957,1122,630.833313,173.3333282,180.1666718,18.33333333,791.6666667,41.66666667,0,45
Thanh Pho,9,203.3333282,265.1666565,146.6666718,3310.5,585,691.666687,100,525,125.8333333,66.66666667,16.66666667,0,44
Nong Thon,3,270.8333435,302.5,129.25,811,582,471.6666565,30,410.4166565,250,0,25,0,34
Thanh Pho,3,558.333313,405.75,507.9166565,1903,940,550.416687,4376.666504,360.9166565,208.3333333,0,125,0,50
Nong Thon,3,208.3333282,83.33333588,133.3333282,1994,581,266.6666565,91.66666412,343.3333435,58.33333333,0,16.66666667,0,39
Nong Thon,6,1011,231.6666718,85.25,2362,1490,433.3333435,80,54.16666794,191.6666667,0,4.166666667,0,78
Nong Thon,3,220.8333282,32.08333206,91.16666412,2535,941,370.4166565,100,56.66666794,0,0,16.66666667,0,36
Nong Thon,4,1519.166626,131.5,140.5833282,1537.5,770,508.3333435,226.6666718,175,41.66666667,0,25,0,46
Thanh Pho,4,0,129.1666718,307.4166565,5538,1535,1048.333374,957.5,271.5833435,54.16666667,0,41.66666667,0,63
Thanh Pho,1,0,50,129.1666718,1157,302,84.16666412,1153.333374,58.33333206,0,0,50,0,50
Nong Thon,2,0,16.66666603,59.16666794,3808,315,234,580,168.3333282,16.66666667,0,0,0,49
Nong Thon,7,43.75,111.6666641,161.25,1913,475,207.9166718,56.66666794,310,20,83.33333333,8.333333333,0,56
Nong Thon,3,107.4166641,211.1666718,203.4166718,2744,1029,394,521,2521.916748,96.66666667,0,33.33333333,0,44
Nong Thon,4,12.5,70.08333588,215.6666718,2737,691,414.1666565,30,1425.416626,8.333333333,0,58.33333333,0,66
Nong Thon,4,16.66666603,216.6666718,112.4166641,1960,530,213.75,23.33333397,1029.166626,191.6666667,0,33.33333333,0,65
Nong Thon,5,0,31.08333397,77.5,2888,601,296.1666565,29.33333397,102.5,9.166666667,0,18.16666667,0,44
Nong Thon,6,1090.75,396.6666565,83,2260,3278,445,408.3333435,200,256.6666667,0,100,0,45
Nong Thon,2,0,233.3333282,110.5,918,225,222.0833282,335.4166565,66.66666412,0,200,33.33333333,0,56
Nong Thon,4,0,174.1666718,437.1666565,3369,1561,1458.5,450.8333435,291.6666565,30.83333333,0,25,0,53
Thanh Pho,4,416.6666565,25.83333397,218.75,3035,1105,181.25,230,100,0,0,5.833333333,0,80
Nong Thon,5,460.8333435,54.33333206,694.583313,2596,642,1231.666626,82.5,250,0,0,41.66666667,0,29
Nong Thon,3,20.41666603,0,207.3333282,1550,913,132.9166718,25,87.5,0,0,0,0,31
Nong Thon,5,111.6666641,869.166687,441.4583435,2005,430,451.6666565,70,778.75,816.6666667,0,41.66666667,0,31
Thanh Pho,4,0,100,86.41666412,1457,625,328.3333435,106,166.6666718,0,83.33333333,16.66666667,0,64
Nong Thon,2,0,80.41666412,136.75,1293,237,160,26.25,209.5833282,5.416666667,45.83333333,29.16666667,0,74
Nong Thon,4,105,1480,156.6666718,2095,722,287.25,119.1666641,250,1458.333333,0,16.66666667,0,37
Nong Thon,3,96.66666412,15,45.25,2526,280,98.08333588,20.5,85.83333588,0,4.166666667,10,0,29
Nong Thon,4,63.75,337.0833435,87.5,1522,277,229.1666718,41.66666794,103.3333359,0,291.6666667,12.5,0,39
Nong Thon,2,0,1294.166626,265.75,1253,258,136.25,28,282.9166565,0,1250,41.66666667,0,66
Nong Thon,5,900,397.9166565,84.41666412,1865,477,173.6666718,45,241.6666718,242.5,0,83.33333333,0,52
Thanh Pho,4,465.4166565,386.6666565,233.75,2700,2261,1232.916626,259,600.166687,66.66666667,125,100,0,44
Thanh Pho,4,46.41666794,38.25,103.1666641,2212,738,195.8333282,208,43.75,14.58333333,0,6.666666667,0,42
Nong Thon,4,41.66666794,45.83333206,274.1666565,3521,680,251.6666718,85,236.6666718,16.66666667,0,29.16666667,0,62
Nong Thon,6,259.1666565,350.6666565,174.75,2082,1645,332.9166565,166.6666718,672.5,207.5,0,50,0,39
Nong Thon,5,125.8333359,144.1666718,162.9166718,2625,432,473.5833435,50,233,120,0,5.833333333,0,65
Nong Thon,6,0,419.5,411.5,2974,1002,740.833313,175,193.3333282,275,0,12.5,0,84
Thanh Pho,5,0,55.83333206,219.4166718,1664,347,362.0833435,35,113.3333359,51.66666667,0,2.5,0,44
Thanh Pho,8,1233.333374,486.6666565,421.8333435,7165,1825,2815.833252,2220,950,375,0,83.33333333,0,54
Thanh Pho,4,264.1666565,259.1666565,78.91666412,1294,496,218.3333282,62.5,66.66666412,112.5,0,125,0,36
Thanh Pho,3,95,540.833313,100,1504,903,424.3333435,110,129.1666718,0,500,10.41666667,0,35
Nong Thon,3,0,28.33333397,89.16666412,1436,430,158.4166718,45,55,11.66666667,0,15,0,69
Nong Thon,4,0,0,91.91666412,2301,589,164.5833282,85,38.33333206,0,0,0,0,47
Nong Thon,1,0,891.666687,32.5,543,217,58.75,44,26.66666603,833.3333333,0,58.33333333,0,37
Thanh Pho,3,545.833313,281.6666565,339.1666565,3736,1005,449.1666565,608,204.1666718,240,0,41.66666667,0,32
Thanh Pho,3,0,789.25,168.5,2739,1058,1828.166626,386.6666565,345.8333435,775,0,10.41666667,0,55
Thanh Pho,4,950,151.0833282,351.0833435,3274,1533,945.833313,21073.33398,40,69.41666667,0,50,0,50
Nong Thon,6,60.83333206,15,154.1666718,3272,759,274.1666565,115,175,3.333333333,0,3.333333333,0,47
Nong Thon,3,0,75,286.1666565,2429,865,775.833313,75,662.5,58.33333333,0,12.5,0,58
Nong Thon,5,144,79.08333588,133.5833282,5499,1920,332.4166565,147.0833282,249.1666718,18.16666667,0,54.16666667,0,33
Thanh Pho,3,435,2808.333252,174.0833282,1629,672,363.75,460,264.3333435,1937.5,833.3333333,25,0,27
Nong Thon,6,114.3333359,138.1666718,118.8333359,2025,457,241.6666718,30.83333397,333.3333435,41.08333333,0,21.66666667,0,49
Nong Thon,4,110.5833359,123.1666641,107.4166641,1171,564,144.1666718,42.41666794,182,91.66666667,0,0,0,37
Nong Thon,2,0,781.583313,40.58333206,715,116,19.25,13,26.66666603,777.9166667,0,3.666666667,0,47
Nong Thon,5,0,68.33333588,129.4166718,1856,696,29.33333397,60,41.66666794,39.16666667,0,25,0,38
Nong Thon,4,0,211.6666718,173.25,1709,529,266.6666565,85,304.1666565,125,0,54.16666667,0,59
Nong Thon,3,16.66666603,20.83333397,181.25,1731,770,178.3333282,40,116.6666641,0,0,20.83333333,0,54
Nong Thon,7,59.16666794,1527.083374,509.9166565,9300,2810,698.333313,312.5,400,1433.333333,0,83.33333333,0,61
Thanh Pho,3,0,45.83333206,101.3333359,1232,300,194,41.66666794,95.41666412,8.333333333,25,12.5,0,29
Nong Thon,3,33.33333206,29.16666603,186.1666718,2127,342,282.5,24.16666603,125,25,0,4.166666667,0,51
Nong Thon,5,0,300,327.6666565,2451,1182,241,150,178.3333282,0,150,150,0,52
Nong Thon,9,62.25,44.16666794,398.75,2088,658,441.6666565,43.33333206,296.6666565,1.666666667,17.5,25,0,31
Nong Thon,4,167.75,50.41666794,154.6666718,1472,375,146.1666718,80,175.8333282,0,0,17.91666667,0,39
Nong Thon,4,333.3333435,94.16666412,218.6666718,2168,455,201.6666718,75,247.9166718,5.833333333,41.66666667,25,0,39
Thanh Pho,5,0,269.75,236.9166718,2801,820,383.3333435,204,140.4166718,150,28.75,58.33333333,0,56
Thanh Pho,3,0,314.1666565,266.25,3357,695,638.75,120,2180.833252,197.5,0,50,0,63
Nong Thon,4,194.1666718,103,120.4166641,1612,1910,212.5,70,222.5,0,0,12.5,0,40
Thanh Pho,3,0,191.25,284.4166565,2078,792,895.833313,136.3333282,501.6666565,59.16666667,0,33.33333333,0,54
Nong Thon,3,250.8333282,17.83333397,224.3333282,2077,732,292.5,104.1666641,274.1666565,0,0,4.166666667,0,47
Thanh Pho,5,1047.916626,60.83333206,108.4166641,2027,407,263.3333435,42.5,129.3333282,12.5,0,29.16666667,0,46
Nong Thon,4,989.166687,389.1666565,298.75,3746,868,872.916687,150,679.166687,258.3333333,0,166.6666667,0,50
Nong Thon,6,203.1666718,965.833313,334,3532,716,443.3333435,950,25,408.3333333,516.6666667,20.83333333,0,43
Nong Thon,5,334.1666565,140.8333282,95.08333588,1747,1055,207.0833282,75,307.5,7.5,58.33333333,75,0,35
Nong Thon,1,0,212.5,60.66666794,545,784,156.6666718,60.83333206,8.333333015,125,4.166666667,83.33333333,0,18
Nong Thon,2,0,245,62,1319,395,198.6666718,442.3333435,32.5,0,233.3333333,11.66666667,0,23
Nong Thon,3,45.83333206,1117.916626,131.5833282,1607,621,189.5833282,185,91.66666412,533.3333333,583.3333333,0,0,43
Nong Thon,4,0,158.3333282,181.0833282,2012,944,664.166687,258.3333435,575,125,0,33.33333333,0,47
Thanh Pho,3,0,195.9166718,128.5,2739,635,172.9166718,87.08333588,183.3333282,83.33333333,0,83.33333333,0,63
Nong Thon,6,484.1666565,410,208,2957,812,283.0833435,83,220,353.3333333,0,33.33333333,0,70
Nong Thon,4,0,190,150.25,1379,442,165.6666718,90,375,172.5,0,17.5,0,54
Nong Thon,3,15.83333302,275,52.375,2417.5,551,227.9166718,145,50,25,250,0,0,89
Nong Thon,3,0,29.16666603,53.16666794,1773,338,155.75,41.08333206,264.8333435,18.08333333,0,8.833333333,0,72
Nong Thon,4,61.25,350,284.3333435,3131,473,1185.416626,316.6666565,683.333313,0,333.3333333,16.66666667,0,33
Nong Thon,3,0,33.33333206,136.3333282,1457,786,140.4166718,175,53.33333206,0,0,33.33333333,0,49
Nong Thon,4,0,12.5,166.9166718,1478,510,314.1666565,115,191.6666718,0,0,12.5,0,31
Nong Thon,3,0,58.33333206,167.1666718,1573,725,361.25,144.1666718,607.083313,25,0,25,0,64
Nong Thon,5,1066.666626,52.25,269.0833435,3491,578,998.916687,116.6666641,520.166687,39.16666667,0,8.333333333,0,47
Thanh Pho,1,0,91.66666412,70.58333588,241,49,64.25,67.66666412,75.41666412,83.33333333,0,8.333333333,0,48
Nong Thon,2,0,11.25,106.25,1105,196,37.5,40.66666794,176.4166718,0,0,11.25,0,89
Nong Thon,2,0,10.83333302,240.8333282,1440,333,189.5833282,72.5,343.3333435,1.666666667,0,9.166666667,0,59
Nong Thon,2,0,30,114.0833359,1045,153,162.5,1029,506.6666565,0,0,0,0,57
Nong Thon,3,0,1000,102.5,1669,390,361.6666565,69.66666412,259.75,0,1000,0,0,50
Nong Thon,5,1408.833374,13.83333302,163.8333282,2267,371,616.666687,80,242.5,0,0,10,0,44
Nong Thon,5,1253.833374,108.3333359,183.4166718,1803,304,400.4166565,50.66666794,181.9166718,0,0,83.33333333,0,41
Nong Thon,5,604.166687,229.75,234.9166718,2526,233,355.4166565,60,272.9166565,20.83333333,0,162.5,0,43
Nong Thon,5,222.75,39.16666794,149.75,2021.5,830,439.5833435,58.33333206,36.66666794,20.83333333,0,9.583333333,0,47
Nong Thon,2,0,305,148.5,1336,425,289.1666565,80,362.5,241.6666667,0,0,0,67
Nong Thon,1,0,75,151.6666718,905,112,26.25,19.16666603,141.6666718,16.66666667,41.66666667,33.33333333,0,66
Nong Thon,3,0,0,119.8333359,1470,573,514.166687,83.33333588,113.3333359,0,0,0,0,26
Thanh Pho,4,123.6666641,31.66666603,148.9166718,1652,498,136.6666718,107.3333359,115.4166641,0,0,10,0,46
Thanh Pho,4,30.83333397,41.66666794,100.6666641,1625,333,86.25,90,125,33.33333333,0,16.66666667,0,28
Nong Thon,4,18.33333397,241.6666718,183.0833282,2013,474,171,43.33333206,43.33333206,183.3333333,0,58.33333333,0,23
Nong Thon,7,15.41666698,12.5,94.83333588,2069,811,151.6666718,32.08333206,200,0,0,10.83333333,0,50
Nong Thon,5,294.8333435,345.5833435,202.1666718,5209,839,1135.833374,116.6666641,758.333313,286.6666667,0,25,0,40
Nong Thon,4,308.5833435,102.5,82.91666412,2809,1070,498.8333435,183.3333282,607.083313,0,0,100,0,43
Thanh Pho,4,285,225,100.3333359,1393,1127,425,150,63.33333206,225,0,0,0,38
Nong Thon,4,0,390.4166565,135.0833282,2966,728,812,276.6666565,349.1666565,102.5,14.58333333,500,0,32
Nong Thon,4,285,99.58333588,131.25,2478,1086,366.6666565,83.33333588,327.5,17.08333333,0,41.66666667,0,38
Thanh Pho,8,631.166687,1375,2347.5,4169,840,1291.666626,4003.333252,598.333313,1204.166667,0,300,0,37
Nong Thon,5,49.33333206,5.416666508,72.83333588,2291,340,157.1666718,110,41.66666794,0,0,5.416666667,0,35
Nong Thon,2,0,1908.333374,70.91666412,405,77,56.66666794,100,337.5,116.6666667,1750,83.33333333,0,80
Nong Thon,3,130.6666718,36.16666794,41.375,1202,566,178.3333282,24,242.0833282,13.08333333,0,0.666666667,0,42
Nong Thon,3,0,93.33333588,117.5833359,1984,812,235.8333282,64.16666412,187.5,54.16666667,0,13.33333333,0,61
Thanh Pho,4,171.6666718,204.1666718,98.41666412,3078,470,65,60,83.33333588,0,204.1666667,0,0,54
Thanh Pho,5,44,451.6666565,33.33333206,1893,386,65,70,75,32.5,416.6666667,2.5,0,35
Thanh Pho,3,163.75,33.83333206,204.5833282,1230,778,140,90,95.83333588,11.33333333,0,4.166666667,0,45
Thanh Pho,2,0,198.3333282,210.75,2048.5,499,497.1666565,139.1666718,46.66666794,125,0,38.33333333,0,64
Thanh Pho,5,1054.166626,845.833313,496.9166565,8827,2465,1349.75,1360,346.6666565,7.5,0,808.3333333,0,74
Nong Thon,3,0,183.3333282,102.0833359,1565,329,202.5,54.5,160.8333282,37.5,100,41.66666667,0,59
Nong Thon,4,221.6666718,905.666687,150.5833282,2485,676,390.8333435,74,200,0,833.3333333,41.66666667,0,33
Thanh Pho,6,0,279.1666565,218.3333282,3506,845,153.3333282,165,108.3333359,45.83333333,0,416.6666667,0,63
Thanh Pho,4,558.333313,83.33333588,210.8333282,2974,980,390.8333435,152,1254.166626,0,41.66666667,41.66666667,0,49
Nong Thon,5,0,65,402.25,3705,743,435,151.8333282,213.3333282,40,8.333333333,16.66666667,0,57
Thanh Pho,2,0,25,176.6666718,1269,438,227.25,171,200,0,0,25,0,57
Nong Thon,4,109.5833359,67.91666412,72.41666412,1651,674,282.9166565,29.16666603,43.33333206,17.91666667,0,50,0,33
Thanh Pho,3,0,1627.5,293.8333435,4315,672,831.666687,210,1025,625,0,2000,0,51
Nong Thon,3,0,599.166687,123.4166641,1712,163,129.1666718,40,220,0,583.3333333,12.5,0,54
Thanh Pho,4,0,639.166687,219,1679,329,99.16666412,47.5,54.16666794,1.666666667,125,500,0,47
Nong Thon,4,208.3333282,24.41666603,185.6666718,1604,399,171.5,85.83333588,74.16666412,0,0,12.5,0,50
Nong Thon,3,58.33333206,181.25,60.33333206,1290,339,90.91666412,45,164.6666718,137.9166667,0,166.6666667,0,34
Thanh Pho,5,232.5,360.8333435,259.5833435,4043,830,414.5833435,278,182.5,204.1666667,0,250,0,37
Thanh Pho,4,765,74.25,135.8333282,2326,1710,316.6666565,100,292.5,0,0,20.83333333,0,56
Thanh Pho,5,562.916687,134,220.8333282,2003,845,473.3333435,135,378.75,0,0,8.333333333,0,71
Thanh Pho,4,122,947.083313,45.5,1846,498,150.8333282,38,35.91666794,0,933.3333333,13.75,0,30
Nong Thon,2,0,337.8333435,125.3333359,1664,327,403.3333435,28.91666603,284.75,333.3333333,0,3.166666667,0,47
Nong Thon,4,365.4166565,462.1666565,240,1765,498,363.5833435,60,559.416687,0,416.6666667,25,0,39
Nong Thon,3,545.833313,370,133.5833282,989,326,137.4166718,127.3333359,94.83333588,0,333.3333333,16.66666667,0,59
Nong Thon,5,219.1666718,64,247.25,1289,417,652.916687,20.83333397,238.9166718,0,0,33.33333333,0,37
Thanh Pho,2,0,12.5,62.58333206,1129,203,55.25,28.33333397,234.8333282,0,0,12.5,0,70
Nong Thon,4,100,104.3333359,202.9166718,1968,673,222.5,61.66666794,87.5,5.833333333,0,0,0,45
Nong Thon,4,59.16666794,66.66666412,251.5,2929,1515,329.1666565,120,112.5,41.66666667,0,25,0,29
Nong Thon,4,1966.666626,296.6666565,307.1666565,2035,727,577.083313,312.0833435,444.1666565,245.8333333,0,26.66666667,0,44
Nong Thon,1,0,500.8333435,48.08333206,447,122,59.16666794,30,250.9166718,37.5,458.3333333,15,0,54
Thanh Pho,4,132.25,66.66666412,390.8333435,3420,633,445.8333435,175,32.08333206,33.33333333,0,25,0,42
Nong Thon,4,16.66666603,235,82.5,1578,500,505,150,650,0,166.6666667,16.66666667,0,73
Nong Thon,4,355,105.8333359,558.75,1596,1337,800,200,904.166687,46.66666667,0,20.83333333,0,47
Nong Thon,4,383.3333435,166.6666718,312.8333435,1867,899,406.6666565,2595,343.3333435,100,33.33333333,25,0,29
Thanh Pho,4,0,50,94.16666412,1877,722,61.25,68.33333588,185,16.66666667,0,33.33333333,0,54
Thanh Pho,2,0,14.16666698,129.3333282,1817,968,162.3333282,3150,750,0,0,10,0,37
Nong Thon,2,0,291.6666565,101.25,982,525,540.833313,415,512.5,166.6666667,0,200,0,81
Nong Thon,2,360.8333435,156.6666718,53.75,1382,152,96.91666412,177.5,100,0,0,150,0,53
Nong Thon,4,39.66666794,431.6666565,78.25,1428,496,190.0833282,72.58333588,297.1666565,75.83333333,204.1666667,150,0,47
Nong Thon,5,252.9166718,745.833313,87.75,2433,632,405.1666565,91.66666412,191.6666718,700,0,41.66666667,0,44
Thanh Pho,9,127.4166641,148.5833282,212.75,3912,1193,778.416687,383.5,201.6666718,72.08333333,0,37.5,0,53
Thanh Pho,4,0,39.16666794,150,3334,1025,397.9166565,633.333313,500,18.33333333,0,16.66666667,0,50
Thanh Pho,3,0,568.333313,94.33333588,2502,896,175.6666718,93,170.8333282,0,266.6666667,301.6666667,0,41
Thanh Pho,2,0,1506.5,59.41666794,2079,538,179.4166718,199,183.6666718,389.8333333,0,2208.333333,0,70
Nong Thon,4,0,83.33333588,114.5833359,1593,341,360.8333435,0,250,0,0,83.33333333,0,70
Nong Thon,4,83.33333588,91.66666412,79.75,1400,516,173.3333282,60,708.333313,83.33333333,0,8.333333333,0,31
Nong Thon,2,0,0,350.1666565,3743,1156,307.5,45,432.9166565,0,0,0,0,50
Thanh Pho,4,875,20.83333397,224.4166718,5187.5,2595,2141.666748,450,481.6666565,4.166666667,0,16.66666667,0,45
Thanh Pho,3,0,126.6666641,174.4166718,1875,631,197.6666718,179.6666718,35.83333206,0,0,83.33333333,0,50
Thanh Pho,4,883.333313,70,172.6666718,5660,1672,3498.333252,245.3333282,510.8333435,33.33333333,0,25,0,33
Nong Thon,1,0,20.83333397,49.91666794,773,374,381.25,155.5,129.1666718,0,0,16.66666667,0,24
Nong Thon,4,379.8333435,720.833313,172.3333282,2083,471,455.8333435,66.66666412,387.0833435,716.6666667,0,4.166666667,0,40
Nong Thon,3,0,451.6666565,107.4166641,1173,449,758.333313,141.6666718,258.3333435,5.833333333,416.6666667,58.33333333,0,26
Nong Thon,4,364.1666565,6.666666508,347.5,4005,947,327.9166565,200,108.3333359,0,0,0,0,37
Thanh Pho,4,66,10,153.4166718,2446,530,800.416687,92,247.5,0,0,10,0,28
Nong Thon,6,116.6666641,458.3333435,156.8333282,2229,725,737.5,50,587.5,0,416.6666667,41.66666667,0,37
Nong Thon,4,120,16.66666603,207.5,2038,831,474.3333435,151.25,443.3333435,0,0,16.66666667,0,37
Thanh Pho,3,0,500,296.5,2316,868,1226.75,130,1780.833374,25,375,83.33333333,0,45
Nong Thon,2,0,15.83333302,291.0833435,1165.5,127,193.75,280,50,11.66666667,0,4.166666667,0,61
Thanh Pho,4,77.5,90,237.5,2820,600,456.6666565,60,341.6666565,29.16666667,16.66666667,25,0,44
Thanh Pho,4,116.6666641,732.833313,305.8333435,2241,553,460,190,425,0,250,416.6666667,0,47
Nong Thon,1,0,287.5,62,745,191,54.16666794,60,270.8333435,100,0,177.5,0,92
Nong Thon,4,0,371.25,167,1949,697,242.3333282,37.5,115.9166641,216.6666667,115,76.66666667,0,60
Nong Thon,4,312.0833435,27.5,191.5833282,2460,514,387.5,30,196.1666718,0,25,2.5,0,45
Nong Thon,4,175.6666718,203.1666718,98.66666412,1526,266,118.75,73,254.75,116.6666667,0,16.66666667,0,42
Thanh Pho,4,1047.5,176,254.1666718,3196,673,772.916687,205,188.3333282,0,0,150,0,45
Nong Thon,4,642.5,134.4166718,132.25,2019,140,242.9166718,125,238.75,100,0,20.83333333,0,51
Nong Thon,6,722.166687,75.58333588,196.9166718,1497,701,536.666687,62.33333206,336.6666565,25.16666667,25,0,0,39
Nong Thon,3,0,758.333313,117.3333359,1042,139,111.75,15,110.8333359,0,758.3333333,0,0,68
Thanh Pho,4,502.0833435,120.4166641,189.75,2698,505,272.5,247,179.9166718,50,0,20.83333333,0,49
Nong Thon,5,74.58333588,99.58333588,246.25,1706.5,753,244.6666718,58.33333206,379.5833435,40.83333333,0,39.58333333,0,32
Nong Thon,2,0,2232.5,41.75,552,138,21.16666603,40,168.1666718,133.3333333,2050,95,0,57
Thanh Pho,2,0,3175,125.8333359,2403,820,498.3333435,146,975,3166.666667,0,0,0,60
Nong Thon,2,166.6666718,602.5,166.6666718,1723,227,240,133.3333282,18.33333397,500,0,100,0,68
Nong Thon,3,461.6666565,7083.333496,651.833313,4964,1687,1446.333374,173.3333282,560,5575,1333.333333,158.3333333,0,52
Nong Thon,4,380.3333435,24.16666603,274.1666565,3145.5,1249,590.416687,100,252.5,0,0,16.66666667,0,50
Nong Thon,3,0,75,49.41666794,1130,530,169.6666718,70,325,50,0,25,0,29
Nong Thon,4,733.333313,31.66666603,260.25,7066,2125,642.916687,218.3333282,187.5,8.333333333,0,12.5,0,35
Nong Thon,3,0,239.1666718,69.16666412,1932,538,161.25,95.83333588,219.1666718,50,150,33.33333333,0,31
Thanh Pho,4,729.166687,48.66666794,341.3333435,3454,2564,2275.833252,790.833313,378.3333435,0,0,33.33333333,0,24
Thanh Pho,5,0,54.41666794,124.8333359,3354,722,468.4166565,318.6666565,304.3333435,20.91666667,0,17,0,69
Nong Thon,5,0,41.66666794,122.75,2218.5,410,162.9166718,29,83.33333588,35,0,6.666666667,0,48
Nong Thon,7,62.91666794,104.8333359,197.5833282,4161,1041,468.3333435,102,823.333313,55.83333333,0,29.16666667,0,50
Nong Thon,3,311.8333435,31.16666603,42.25,1027,497,121.25,42.5,93.33333588,31.16666667,0,0,0,30
Thanh Pho,5,3400,583.333313,672.75,6881,3040,5550,1246.666626,1208.333374,208.3333333,0,333.3333333,0,38
Nong Thon,5,75,176.6666718,135.1666718,2034,366,162.5,507.5,85.83333588,0,0,150,0,57
Thanh Pho,4,600,891.666687,256.25,2004,610,2920.833252,245,483.3333435,166.6666667,666.6666667,58.33333333,0,34
Nong Thon,3,0,2.5,234.5833282,1842,220,181.5833282,110,218.3333282,0,0,2.5,0,42
Nong Thon,6,108,20.83333397,296.0833435,2182,383,538.75,40,226.25,6.25,0,4.166666667,0,80
Thanh Pho,2,0,170.8333282,43.33333206,1308,230,120.8333359,90,183.75,0,83.33333333,83.33333333,0,79
Nong Thon,6,0,108.3333359,127.1666641,2036,278,176.1666718,60,212.75,83.33333333,0,25,0,32
Thanh Pho,4,476.6666565,344.5,269.75,3378,477,692.166687,436.6666565,738.333313,310.8333333,0,16.66666667,0,41
Thanh Pho,3,83.33333588,45.83333206,103.5,1484,250,307.5,240,169.1666718,4.166666667,0,41.66666667,0,58
Nong Thon,3,1158.333374,77.08333588,201,1563,468,203.75,58.33333206,207.5,29.16666667,0,16.66666667,0,56
Nong Thon,4,57.91666794,100.8333359,113.1666641,1900,480,41.25,938.333313,395.8333435,29.16666667,53.33333333,12.5,0,54
Nong Thon,6,159.6666718,441,70.25,1603,639,189.5833282,40,383.1666565,125,200,41.66666667,0,54
Thanh Pho,4,491.6666565,61.66666794,363.3333435,2571,964,806.25,240,623.333313,0,0,41.66666667,0,53
Thanh Pho,5,105.25,191.25,127.25,3547,941,780.583313,200,227.0833282,59.16666667,0,14.16666667,0,41
Thanh Pho,2,0,125,207.3333282,2509,420,371.6666565,158,175,0,0,41.66666667,0,83
Nong Thon,3,210,254.1666718,97,1493,211,215.8333282,105,423.4166565,208.3333333,0,33.33333333,0,47
Nong Thon,4,86.25,151.5,165.5833282,2430,597,227.0833282,157.5,129.25,71.66666667,0,0.833333333,0,33
Thanh Pho,5,230.8333282,277.5,180.5833282,2665,740,481.25,83.33333588,154.1666718,125,0,37.5,0,52
Nong Thon,4,858.333313,19.16666603,129.25,4107,410,289.1666565,50,126.6666641,15,0,4.166666667,0,55
Nong Thon,4,76.66666412,252.8333282,148,3243.5,1285,1135,140,735,200,0,33.33333333,0,34
Nong Thon,3,1030.416626,540,63.41666794,1872,405,146.25,72,216.6666718,283.3333333,0,208.3333333,0,43
Thanh Pho,4,0,1256.666626,141.3333282,2296,423,384.1666565,195,170.4166718,1116.666667,0,16.66666667,0,54
Thanh Pho,2,7.5,29.16666603,36.91666794,1933,185,29.16666603,110,58.33333206,20.83333333,0,8.333333333,0,32
Nong Thon,4,135,37.5,109.25,1423,392,124.5833359,113,16.66666603,37.5,0,0,0,37
Thanh Pho,4,0,560,591.583313,5797,2144,2398.333252,367,116.25,316.6666667,0,166.6666667,0,54
Thanh Pho,4,382.1666565,126,57.5,1500,907,61.83333206,215,293.1666565,49.16666667,39.83333333,0,0,43
Thanh Pho,6,341.6666565,5.416666508,182.0833282,1759,252,74.5,525,0,0,0,0,0,69
Nong Thon,4,0,142.5,133.3333282,1891,541,117.25,333.3333435,188.8333282,130,0,12.5,0,56
Nong Thon,5,101.1666641,332,246.4166718,2214,1348,300.25,108.3333359,2257.083252,25,0,291.6666667,0,66
Nong Thon,4,70.58333588,499.0833435,21.91666603,1882,485,146.5,88.33333588,96.66666412,433.3333333,0,20.83333333,0,46
Nong Thon,3,625.416687,45.83333206,397.4166565,2934,1300,618.333313,258.3333435,511.3333435,2.083333333,0,0,0,45
Nong Thon,5,179.5833282,110.4166641,226.0833282,2833,1156,480.8333435,301.6666565,472.5,92.5,0,16.66666667,0,46
Thanh Pho,3,267.5,45.83333206,772.083313,8148,2615,2692.5,539,666.666687,0,0,16.66666667,0,55
Thanh Pho,5,180.8333282,175,306.75,1945,601,250.0833282,267.8333435,163.3333282,0,150,25,0,62
Nong Thon,7,3.75,12.5,193.3333282,1830,270,472.5,20,18.33333397,0,0,12.5,0,37
Nong Thon,4,275,1170.583374,203.4166718,1591.900024,619,412.75,102.5,354.0833435,111.6666667,106.4166667,916.6666667,0,44
Nong Thon,7,416.6666565,219.5833282,350,3925,820,1706.25,83.33333588,798.333313,67.91666667,83.33333333,66.66666667,0,53
Nong Thon,7,0,80.83333588,364.5,3364,1158,930.25,4383.333496,264.4166565,60,0,20.83333333,0,52
Nong Thon,3,125,262.3333435,87.83333588,1144.5,267,114.1666641,80,144.9166718,250,0,0,0,55
Nong Thon,6,119.1666641,739.166687,323.3333435,3028,400,487.5833435,156.5,256.6666565,75,70.83333333,500,0,66
Thanh Pho,4,87.5,194.9166718,212.0833282,2461,961,1691.25,244.3333282,191.6666718,166.6666667,0,20.83333333,0,36
Nong Thon,4,1391.666626,479.1666565,355.5,2821,676,467.6666565,66.25,1180,287.5,108.3333333,166.6666667,0,60
Nong Thon,5,383.8333435,20.83333397,328.8333435,1817,641,394.1666565,121.6666641,255.8333282,0,0,20.83333333,0,39
Nong Thon,4,279.8333435,920.833313,397.1666565,4057,491,206.8333282,94.33333588,529.75,237.5,616.6666667,66.66666667,0,40
Nong Thon,3,0,20.83333397,202.5,2289,425,612.5,70.83333588,179.1666718,8.333333333,0,12.5,0,33
Nong Thon,5,204.1666718,291.6666565,84.75,1403,326,387.6666565,125,72.08333588,0,250,41.66666667,0,33
Nong Thon,5,72.5,1048.666626,179.9166718,2574,265,256.25,93.33333588,450,186.3333333,755,0,0,54
Nong Thon,9,217.8333282,7858.333496,142.4166718,1725.300049,303,326.6666565,125,418.3333435,58.33333333,7766.666667,33.33333333,0,48
Thanh Pho,5,490.5,62.5,115.4166641,2066,615,309.1666565,184,632.416687,0,0,62.5,0,37
Thanh Pho,4,350.5833435,83.08333588,172.3333282,2217,819,436.25,198,170.8333282,34.16666667,0,16.66666667,0,46
Nong Thon,3,40,15.33333302,228.6666718,1988,922,700,110,93.33333588,0,0,0,0,56
Nong Thon,4,0,10,161.4166718,1478,470,160.8333282,30,190.8333282,0,0,10,0,44
Nong Thon,4,0,0,225.6666718,5485,1820,2070.833252,8633.333008,783.333313,0,0,0,0,59
Nong Thon,3,673.75,926.666687,198.75,2650,1517,651.166687,66.66666412,551.666687,416.6666667,0,505,0,28
Thanh Pho,4,1043.333374,267.9166565,204.6666718,2173,868,479.1666565,215,257.5,181.6666667,0,0,0,46
Thanh Pho,2,0,287.5,180.8333282,1842,479,440.8333435,83.33333588,345.8333435,120.8333333,0,166.6666667,0,49
Nong Thon,2,0,166.6666718,83.08333588,1200,319,134.1666718,35,44.16666794,150,0,15,0,44
Thanh Pho,1,0,14.16666698,74,1243,344,352.0833435,354,533.333313,1.666666667,0,12.5,0,19
Thanh Pho,3,0,161.6666718,256.0833435,2838,1247,331.6666565,198.3333282,208.3333282,120,0,41.66666667,0,74
Thanh Pho,5,649.166687,629.166687,763.333313,3746,1475,675,415,120,600,0,8.333333333,0,67
Thanh Pho,5,750,161.6666718,254.6666718,4935,2090,564.166687,6265,166.6666718,58.33333333,0,93.33333333,0,58
Nong Thon,5,0,145.8333282,156.75,2937,917,262.9166565,166.6666718,41.66666794,12.5,125,8.333333333,0,47
Thanh Pho,5,13702.58301,28.58333397,263.3333435,5471,1487,232.1666718,682,93.41666412,0,0,15,0,54
Nong Thon,4,0,34.58333206,155.9166718,1937,390,190,30,84.58333588,17.91666667,0,16.66666667,0,50
Nong Thon,5,112.8333359,26.25,138.3333282,2506,587,225.8333282,90,304.1666565,7.083333333,0,19.16666667,0,50
Thanh Pho,5,85,443.3333435,197.4166718,4228,480,204.1666718,124.6666641,307.5,233.3333333,0,183.3333333,0,44
Nong Thon,10,1846,956.666687,191.3333282,8370,1305,723.333313,105,620.833313,81.66666667,733.3333333,133.3333333,0,56
Thanh Pho,4,2080.833252,60,441.8333435,4214,1627,2437.5,453.6666565,508.3333435,0,0,25,0,49
Nong Thon,1,0,4.166666508,33.91666794,803,83,258.75,252.5,70.83333588,0,0,4.166666667,0,20
Thanh Pho,3,40.58333206,0,610.083313,4280,780,277.5,1115,150.4166718,0,0,0,0,30
Thanh Pho,4,0,35.83333206,166.75,3069,696,272.6666565,150.8333282,245.4166718,0,0,31.66666667,0,63
Nong Thon,5,0,30,163.4166718,2367,380,192.1666718,184.1666718,122.0833359,5,0,25,0,62
Nong Thon,4,125.8333359,104,231.9166718,1388,391,284.5,37.33333206,187.5,60.83333333,0,12.5,0,32
Thanh Pho,4,568.75,25,161.6666718,1562,537,328.3333435,121.6666641,335.8333435,0,0,5,0,38
Nong Thon,3,400,438.6666565,221.3333282,2782,603,247.0833282,210,156.6666718,341.6666667,0,83.33333333,0,70
Thanh Pho,3,0,54.16666794,60.58333206,1528,341,91.41666412,130,88.33333588,12.5,0,41.66666667,0,29
Nong Thon,2,0,33.33333206,301.25,1092,235,305,41,95.33333588,16.66666667,0,33.33333333,0,73
Nong Thon,7,107.1666641,79.16666412,320.8333435,3144,860,688.333313,237.5,82.5,3.333333333,29.16666667,34.16666667,0,51
Nong Thon,5,1166.666626,0,171.3333282,2897,134,362.5,60,128.3333282,0,0,0,0,49
Nong Thon,4,129.1666718,270,83.75,1465,107,145,16.66666603,330.8333435,250,0,20,0,29
Thanh Pho,7,1340,15.33333302,252.8333282,2623,773,290.4166565,35,263.75,0,0,0,0,60
Nong Thon,5,0,154.1666718,138.9166718,1700,828,260.8333435,60,525,0,0,150,0,55
Thanh Pho,4,764.166687,111.6666641,114.9166641,3010,423,487.0833435,151.3333282,531.666687,45,0,100,0,63
Thanh Pho,3,386.6666565,174.1666718,490.5,3014,876,413.0833435,301.6666565,491.4166565,32.5,100,41.66666667,0,37
Thanh Pho,5,802.666687,419.3333435,110.3333359,1481,490,102.0833359,65.83333588,12.08333302,0,316.6666667,20.83333333,0,44
Nong Thon,2,0,64.16666412,292.0833435,2045,651,509.1666565,108,1058.333374,25,0,12.5,0,64
Nong Thon,4,0,258.3333435,70,1492,408,124.75,31,187.5,30,216.6666667,10,0,59
Nong Thon,2,0,66.66666412,47.41666794,665,271,180.8333282,375,166.6666718,41.66666667,0,25,0,39
Nong Thon,2,0,58.33333206,33.25,1029,501,439.1666565,387,166.6666718,25,0,33.33333333,0,27
Thanh Pho,4,760.666687,83.33333588,183.3333282,2800,900,364.1666565,185,356.6666565,58.33333333,0,4.166666667,0,41
Nong Thon,4,0,10,141.5833282,1704,733,178.3333282,62.5,216.6666718,10,0,0,0,52
Thanh Pho,5,0,348.3333435,171.3333282,3327,750,491.6666565,270,447.5,173.3333333,91.66666667,83.33333333,0,56
Thanh Pho,2,108.3333359,367.6666565,145.6666718,1985,422,176.6666718,64.16666412,166.6666718,234.3333333,0,108.3333333,0,36
Nong Thon,1,0,0,33.75,1420,156,58.75,130,200,0,0,0,0,18
Nong Thon,4,0,146.6666718,202.3333282,1917,829,557.5,90,108.3333359,130,0,16.66666667,0,80
Nong Thon,3,33.25,43.66666794,38.63333511,1249,725,85,185,168.3333282,11.66666667,0,16.66666667,0,37
Nong Thon,4,22.91666603,130.8333282,70.83333588,2489,1442,693.75,2678.333252,570.833313,110.8333333,0,20,0,57
Nong Thon,1,0,298.6666565,23.25,577.5,103,42.91666794,20,65.66666412,248.3333333,0,26.66666667,0,69
Nong Thon,6,177.9166718,122.5,81.08333588,2189,607,269.8333435,52.16666794,471.5833435,80.41666667,0,7.083333333,0,45
Thanh Pho,4,137.5,264.1666565,118.5,1514,453,500.5833435,520.833313,433.3333435,20.83333333,216.6666667,14.16666667,0,43
