"","Tinh","KhuVuc","SoNguoi","HocPhi","YPhi","PhiLe","PhiAnUong","PhiDiLai","PhiDinhKi","PhiDienNuoc","ChiPhiKhac","NgoaiTru","NoiTru","PhiThuoc","HoNgheo","Tuoi"
"1",1,"Nong Thon",4,0,0,62.75,820.799987792969,215,68.3333358764648,20,25.8333339691162,0,0,0,1,19
"2",1,"Nong Thon",5,24.6666660308838,2.5,176.125,928.5,280,190,6,52.5,2.5,0,0,1,29
"3",1,"Nong Thon",3,59.5833320617676,0,113.666664123535,786.5,219,107.916664123535,15,73.75,0,0,0,1,44
"4",1,"Nong Thon",4,8.75,1.66666662693024,137.83332824707,650,91,95.9166641235352,0,550,0,0,1.66666666666667,1,25
"5",1,"Nong Thon",5,53.3333320617676,10.8333330154419,89.9166641235352,1286,309,53.3333320617676,17.5,35.8333320617676,0,0,9.16666666666667,1,41
"6",1,"Nong Thon",5,261.083343505859,139.58332824707,136.16667175293,738,192,125.416664123535,55,97.9166641235352,58.3333333333333,0,25,1,32
"7",1,"Nong Thon",1,0,50,34.3333320617676,555,67,24.5833339691162,10,62.5,0,33.3333333333333,16.6666666666667,1,63
"8",1,"Nong Thon",2,0,41.6666679382324,98,955,113,70.4166641235352,55,53.5833320617676,33.3333333333333,0,8.33333333333333,1,78
"9",1,"Thanh Pho",1,0,33.75,21.1666660308838,529,55,234.58332824707,20,60,27.0833333333333,0,13.3333333333333,1,66
"10",1,"Thanh Pho",1,0,0,18.1666660308838,285,43,20.8333339691162,32.8333320617676,0,0,0,0,1,63
"11",2,"Nong Thon",2,0,62.5,80.4166641235352,635,160,21.6666660308838,26,43.75,20,13.3333333333333,12.5,1,66
"12",2,"Nong Thon",5,0,33.3333320617676,211.25,1732,363,135.83332824707,0,36.25,0,29.1666666666667,4.16666666666667,1,45
"13",2,"Nong Thon",5,9.33333301544189,68.6666641235352,138.58332824707,1349,350,156.25,1,41.6666679382324,14.5,0,54.1666666666667,1,66
"14",2,"Nong Thon",4,0,3.33333325386047,189.400009155273,1055.59997558594,327,281.666656494141,0,41.6666679382324,0,0,3.33333333333333,1,22
"15",2,"Nong Thon",4,0,6.25,131.75,895,175,90,25,10.8333330154419,0,0,6.25,1,26
"16",2,"Nong Thon",1,0,0,41.5,420,64,14.1666669845581,0,8.33333301544189,0,0,0,1,48
"17",2,"Nong Thon",2,0,12.5,96.75,650,93,247.91667175293,31.6666660308838,78.75,0,0,12.5,1,60
"18",2,"Nong Thon",4,20,25,54.8333320617676,1232,120,54.5833320617676,60,194.66667175293,0,0,25,1,57
"19",2,"Nong Thon",1,0,125,29.75,419,50,22.5,2.5,83.3333358764648,41.6666666666667,0,83.3333333333333,1,59
"20",2,"Nong Thon",3,0,19.1666660308838,23.7083339691162,407,266,36.8333320617676,41.6666679382324,26.6666660308838,14.1666666666667,0,5,1,27
"21",2,"Nong Thon",2,0,10,43.4166679382324,479,150,37.5,6.66666650772095,30.8333339691162,10,0,0,1,51
"22",2,"Nong Thon",3,10,4.16666650772095,23.3333339691162,716,293,77.5,20,25,0,0,4.16666666666667,1,40
"23",2,"Thanh Pho",2,0,65.8333358764648,68.6666641235352,636,210,31.4166660308838,22.5,0,0,0,0,1,76
"24",2,"Nong Thon",2,0,258.333343505859,26.6666660308838,542,23,20,25.8333339691162,12.5,258.333333333333,0,0,1,82
"25",3,"Nong Thon",5,19.1666660308838,4.16666650772095,181.75,630,429,59.1666679382324,6.25,10.8333330154419,0,0,4.16666666666667,1,28
"26",3,"Nong Thon",2,0,162.5,77,752,125,64.75,38,138.83332824707,0,20.8333333333333,135,1,75
"27",3,"Nong Thon",6,194.16667175293,87.1666641235352,213.08332824707,1541,159,33.4166679382324,48.8333320617676,1.66666662693024,31.9166666666667,0,12.5,1,38
"28",3,"Thanh Pho",4,115.916664123535,187.5,87.9166641235352,1098,317,140.83332824707,40,37.5,187.5,0,0,1,38
"29",3,"Nong Thon",5,10.8333330154419,31.6666660308838,116,1126,410,114.583335876465,4,14.1666669845581,0,0,31.6666666666667,1,33
"30",3,"Nong Thon",4,77.4166641235352,16.25,57.6666679382324,810,332,137.08332824707,35,100,10.4166666666667,0,5.83333333333333,1,34
"31",3,"Nong Thon",4,47.5,20.8333339691162,46.8333320617676,844,279,143.33332824707,38.3333320617676,183.33332824707,14.1666666666667,0,5.83333333333333,1,31
"32",4,"Nong Thon",4,45.8333320617676,104.166664123535,71.75,1110,118,73.3333358764648,20,45.4166679382324,104.166666666667,0,0,1,30
"33",4,"Nong Thon",4,44.5,0,135,768,120,66.4166641235352,10,29.1666660308838,0,0,0,1,35
"34",4,"Nong Thon",5,47.3333320617676,0,56.8333320617676,908,204,44.75,2.5,13.8333330154419,0,0,0,1,29
"35",4,"Nong Thon",3,0,19.1666660308838,55.8333320617676,811,170,25,512.5,27.5,16.6666666666667,0,2.5,1,82
"36",4,"Nong Thon",2,0,151,101.833335876465,748,100,103.833335876465,20.8333339691162,81.6666641235352,133.5,0,35,1,56
"37",4,"Nong Thon",4,140.41667175293,62.8333320617676,87.0833358764648,932,210,179.41667175293,48.3333320617676,346.666656494141,0,0,47.5,1,80
"38",4,"Nong Thon",1,0,15.8333330154419,42.75,394,38,24.1666660308838,10,29.6666660308838,10.8333333333333,0,15,1,65
"39",4,"Nong Thon",9,344.833343505859,242.08332824707,50.75,1609,179,115.25,46,23.6666660308838,141.666666666667,59.1666666666667,40.4166666666667,1,61
"40",4,"Nong Thon",5,8,0,52.9166679382324,1668,222,60.4166679382324,43.3333320617676,45,0,0,0,1,55
"41",4,"Nong Thon",2,0,25.5833339691162,49.9166679382324,939,145,103.25,44.3333320617676,199.16667175293,18,0,12.6666666666667,1,44
"42",4,"Nong Thon",4,0,78.3333358764648,83.25,1327,511,113.166664123535,74.6666641235352,42.8333320617676,55,0,46.6666666666667,1,37
"43",4,"Nong Thon",4,300.833343505859,21.6666660308838,67.5,1165,228,224.58332824707,40,125,0,0,6.66666666666667,1,38
"44",5,"Nong Thon",4,53.0833320617676,5.16666650772095,81.25,1274,176,91.25,456.666656494141,51.6666679382324,0,0,5.16666666666667,1,33
"45",5,"Nong Thon",4,60.75,10.4166669845581,148.75,1113,161,183.33332824707,23.3333339691162,105,0,0,10.4166666666667,1,36
"46",5,"Nong Thon",5,23.75,59.1666679382324,61.6666679382324,1035,359,300.416656494141,12,48.3333320617676,15,26.6666666666667,10.8333333333333,1,28
"47",5,"Nong Thon",4,35.8333320617676,22.9166660308838,100.75,1116,164,142.33332824707,208.33332824707,30,0,0,11.25,1,40
"48",5,"Nong Thon",1,0,37.5,20.0833339691162,449,132,18.5,30,33.3333320617676,29.1666666666667,0,8.33333333333333,1,76
"49",5,"Nong Thon",3,12.0833330154419,12,16.6666660308838,810,394,59.1666679382324,10,58.3333320617676,0,0,12,1,42
"50",6,"Nong Thon",10,111.25,15.8333330154419,84.9166641235352,1426,66,274.333343505859,0,87.25,15.8333333333333,0,0,1,42
"51",6,"Nong Thon",11,43.3333320617676,683.333312988281,151,2076,112,135,145,21.6666660308838,0,666.666666666667,16.6666666666667,1,41
"52",6,"Nong Thon",4,92,20.8333339691162,52.25,878.5,438,116.083335876465,50,45.8333320617676,0,0,0,1,37
"53",6,"Nong Thon",2,0,1.66666662693024,34.9166679382324,481,743,5.41666650772095,50,25,1.66666666666667,0,0,1,84
"54",6,"Nong Thon",4,74.6666641235352,20,93.1666641235352,808.099975585938,159,122.833335876465,46.1666679382324,79.1666641235352,8.33333333333333,0,5,1,37
"55",6,"Nong Thon",3,53.3333320617676,21.6666660308838,63.25,1180,201,79.6666641235352,2.91666674613953,61.8333320617676,8.33333333333333,0,12.5,1,76
"56",6,"Nong Thon",5,1.66666662693024,4.16666650772095,12.25,389,49,12.5,0,0,0,0,4.16666666666667,1,32
"57",6,"Nong Thon",4,39.1666679382324,86.4166641235352,83.75,942,310,87.1666641235352,50,103.333335876465,32.5,0,41.6666666666667,1,27
"58",6,"Nong Thon",2,0,346.666656494141,97.9166641235352,713,88,55.8333320617676,51,36.6666679382324,32.5,293.333333333333,37.5,1,80
"59",7,"Thanh Pho",6,60.8333320617676,42.9166679382324,138.16667175293,1363,110,137.5,65,48,0,0,29.1666666666667,1,42
"60",7,"Nong Thon",3,252.5,10,134.08332824707,969,443,71.1666641235352,23.3333339691162,55.6666679382324,0,0,10,1,55
"61",7,"Nong Thon",1,0,0,55.8333320617676,399,106,42.75,8.5,90.8333358764648,0,0,0,1,44
"62",7,"Nong Thon",4,144.75,114.166664123535,134,1106,279,154.58332824707,84.1666641235352,138,4.83333333333333,30.8333333333333,29.1666666666667,1,45
"63",7,"Nong Thon",5,58.3333320617676,0,48.25,1268,298,80.8333358764648,34,12.5,0,0,0,1,62
"64",7,"Nong Thon",4,0,186.66667175293,36.25,1311,295,119.166664123535,36.6666679382324,109.166664123535,20,150,16.6666666666667,1,38
"65",8,"Nong Thon",3,0,0,48.5,856.5,263,47.9166679382324,30,27.5,0,0,0,1,28
"66",8,"Nong Thon",4,15,0,69.75,691,180,21.6666660308838,19.6666660308838,29.1666660308838,0,0,0,1,24
"67",8,"Nong Thon",4,43.3333320617676,6.66666650772095,63.75,1294,359,200.83332824707,33.3333320617676,22.9166660308838,0,0,6.66666666666667,1,31
"68",8,"Nong Thon",5,58.75,14.1666669845581,73.6666641235352,1650,303,93.9166641235352,14.1666669845581,26.8333339691162,5.83333333333333,0,8.33333333333333,1,38
"69",8,"Nong Thon",2,0,45.4166679382324,38.5,509,115,11.0833330154419,50,174.16667175293,0,0,12.5,1,71
"70",8,"Nong Thon",1,0,6.66666650772095,40.6666679382324,307,120,24.5,10,22.9166660308838,4.16666666666667,0,2.5,1,54
"71",8,"Nong Thon",2,0,10.8333330154419,36.6666679382324,308,176,19.25,16.6666660308838,28.75,9.16666666666667,0,1.66666666666667,1,70
"72",8,"Nong Thon",9,105.833335876465,24.1666660308838,0,1868,449,185,31.25,12.5,8.33333333333333,0,15.8333333333333,1,44
"73",8,"Nong Thon",4,204.16667175293,18.5,47,1259,475,167.91667175293,0,62.25,1.66666666666667,0,16.6666666666667,1,36
"74",8,"Thanh Pho",2,0,1.66666662693024,25.4166660308838,565,176,18.3333339691162,50,16.6666660308838,0,1.66666666666667,0,1,73
"75",8,"Nong Thon",2,0,363.333343505859,126.583335876465,509,114,78.3333358764648,75,25,363.333333333333,0,0,1,70
"76",8,"Nong Thon",3,29.1666660308838,4.16666650772095,55.8333320617676,738,185,100,45.8333320617676,16.6666660308838,0,0,4.16666666666667,1,37
"77",9,"Nong Thon",8,10.8333330154419,0,145.41667175293,1550,168,146.25,20,12.5,0,0,0,1,50
"78",9,"Nong Thon",2,0,503.333343505859,63.8333320617676,376,47,30.1666660308838,7.08333349227905,204.83332824707,35.4166666666667,463.333333333333,8.33333333333333,1,84
"79",9,"Nong Thon",1,0,43.3333320617676,105.833335876465,486,130,24,12.5,125.833335876465,6.66666666666667,13.3333333333333,23.3333333333333,1,68
"80",9,"Nong Thon",3,0,17.5,26.6666660308838,641.5,99,26.6666660308838,20,18.1666660308838,0,0,35,1,53
"81",9,"Thanh Pho",4,153.33332824707,14.1666669845581,63.25,1042,328,55.4166679382324,40,50,14.1666666666667,0,0,1,43
"82",9,"Nong Thon",6,0,1.66666662693024,82.9166641235352,1754,266,116.666664123535,30,43.3333320617676,0,0,0,1,57
"83",9,"Nong Thon",3,0,64.1666641235352,29.25,750,131,58.75,29.3333339691162,85,15,46.6666666666667,1.66666666666667,1,46
"84",9,"Thanh Pho",5,0,92.9166641235352,80.4166641235352,1416,286,160.83332824707,260,300,26.6666666666667,0,33.3333333333333,1,70
"85",10,"Nong Thon",3,133.33332824707,16.3333339691162,214.58332824707,900,268,43.3333320617676,45.8333320617676,16.6666660308838,0,0,8.33333333333333,1,38
"86",10,"Nong Thon",5,25.8333339691162,23.3333339691162,140.75,706,414,74.1666641235352,9.58333301544189,9.16666698455811,0,4.16666666666667,19.1666666666667,1,31
"87",10,"Nong Thon",3,1.66666662693024,52.9166679382324,161.08332824707,1050,214,108.25,108.333335876465,75,44.5833333333333,0,8.33333333333333,1,31
"88",10,"Nong Thon",1,0,0,19.1666660308838,285,81,35.4166679382324,0,28.3333339691162,0,0,0,1,70
"89",10,"Nong Thon",3,100.833335876465,0,72.5,1092,234,170,36,96.6666641235352,0,0,0,1,36
"90",10,"Nong Thon",3,0,45.8333320617676,60.5,1362,244,81.6666641235352,41.6666679382324,47.5,33.3333333333333,0,12.5,1,47
"91",10,"Nong Thon",3,36.0833320617676,262,32.0833320617676,412,153,106.5,15,50,34.1666666666667,175,112.5,1,37
"92",11,"Nong Thon",4,5,12.5,89.5833358764648,751,218,77.9166641235352,30,23.9166660308838,12.5,0,0,1,33
"93",11,"Nong Thon",5,212.5,20.8333339691162,96.9166641235352,1086.59997558594,175,130,30,89.1666641235352,0,0,20.8333333333333,1,37
"94",11,"Nong Thon",2,0,12.5,83.1666641235352,600.5,105,137.08332824707,35,147.08332824707,0,0,12.5,1,57
"95",11,"Nong Thon",3,28.3333339691162,65.75,50.1666679382324,424,421,245,70,291.666656494141,20.8333333333333,0,33.3333333333333,1,49
"96",11,"Thanh Pho",4,0,47.5,35.4166679382324,1026,199,22.9166660308838,88,61.5,12.5,25,10,1,52
"97",1,"Nong Thon",4,275,97.3333358764648,153.83332824707,2533,460,315.833343505859,194.33332824707,332.5,41.6666666666667,0,25,0,40
"98",1,"Nong Thon",3,0,605,80,1000,275,106.666664123535,62.3333320617676,65.5,67.5,391.666666666667,120.833333333333,0,62
"99",1,"Nong Thon",4,0,87.5,94.8333358764648,1172,584,326.416656494141,60,593.333312988281,54.1666666666667,0,60,0,59
"100",1,"Thanh Pho",2,637.5,362.5,184.58332824707,2616,777,1168.33337402344,868.5,960,279.166666666667,0,83.3333333333333,0,27
"101",1,"Thanh Pho",4,937.5,34.1666679382324,328.083343505859,1870,1140,1130,2095,471.25,0,0,0,0,46
"102",1,"Nong Thon",3,0,0,215.75,1545,729,281.25,16.6666660308838,139.58332824707,0,0,0,0,42
"103",1,"Thanh Pho",4,344.166656494141,113.333335876465,271.916656494141,3207.5,663,749.333312988281,1018,455,33.3333333333333,0,66.6666666666667,0,37
"104",1,"Nong Thon",4,0,1316.66662597656,158.25,1747,313,480,25,8.33333301544189,583.333333333333,583.333333333333,150,0,52
"105",1,"Nong Thon",5,725,42.6666679382324,314.166656494141,2285,450,626.666687011719,165,383.333343505859,0,0,33.3333333333333,0,54
"106",1,"Nong Thon",4,283.333343505859,110,61.5833320617676,1423,490,223.33332824707,83.3333358764648,232.66667175293,89.1666666666667,0,20.8333333333333,0,42
"107",1,"Thanh Pho",5,996.666687011719,98.3333358764648,303.166656494141,3568,2950,634,241,361.25,0,0,58.3333333333333,0,73
"108",1,"Nong Thon",3,0,27.5,134.66667175293,1472,388,186.33332824707,75,148.16667175293,21.6666666666667,0,5.83333333333333,0,51
"109",1,"Nong Thon",3,82.0833358764648,383.333343505859,60.6666679382324,1268,256,177.75,32,60.4166679382324,0,83.3333333333333,291.666666666667,0,28
"110",1,"Nong Thon",5,0,573.333312988281,180.83332824707,1986,405,935,88.3333358764648,1592.5,0,500,41.6666666666667,0,48
"111",1,"Nong Thon",3,0,430,134.66667175293,1013.5,97,107.833335876465,12,268.333343505859,125,300,3.33333333333333,0,48
"112",1,"Nong Thon",3,0,279.166656494141,211.25,1937,188,91.25,50,50,258.333333333333,0,20.8333333333333,0,60
"113",1,"Nong Thon",5,0,75,83.3333358764648,2362,1055,347.916656494141,50,422.083343505859,25,0,50,0,57
"114",1,"Nong Thon",8,50,739.166687011719,253.66667175293,3609,971,1048.75,766.666687011719,542.166687011719,655.833333333333,0,83.3333333333333,0,47
"115",1,"Nong Thon",2,0,202.5,39.9166679382324,795,171,48.25,20,105,60,125,33.3333333333333,0,52
"116",1,"Nong Thon",4,0,117.083335876465,91.6666641235352,1198,253,121.25,15,102.666664123535,13.3333333333333,100,3.75,0,29
"117",1,"Nong Thon",4,0,51.6666679382324,106.583335876465,1708,285,247.33332824707,40,295,40,0,11.6666666666667,0,53
"118",1,"Thanh Pho",4,1018,236.66667175293,125,4208,674,789.583312988281,216,358.333343505859,208.333333333333,0,8.33333333333333,0,46
"119",1,"Nong Thon",5,491.666656494141,751.666687011719,404.583343505859,2434.5,1485,806.666687011719,110.833335876465,345.833343505859,83.3333333333333,0,666.666666666667,0,54
"120",1,"Nong Thon",4,254.33332824707,45,139.58332824707,1530,131,129.58332824707,25,85,12.5,0,6.66666666666667,0,39
"121",1,"Thanh Pho",5,4416.66650390625,71,224,2250,793,315.833343505859,205.83332824707,133.33332824707,4.16666666666667,0,16.6666666666667,0,54
"122",1,"Nong Thon",5,125,30.3333339691162,160.66667175293,2330,425,283.75,40,50.25,0,0,5,0,42
"123",1,"Nong Thon",4,113.166664123535,54.1666679382324,137.5,2732,1390,612.5,105,69.5833358764648,45.8333333333333,0,8.33333333333333,0,40
"124",1,"Nong Thon",4,550,138.25,64.5,1737,710,705,75,166.66667175293,29.1666666666667,0,16.6666666666667,0,46
"125",1,"Thanh Pho",1,0,25.25,135,1091,277,169.41667175293,476,50,15.6666666666667,0,5.25,0,18
"126",1,"Nong Thon",3,0,90,182.75,4483,1655,1079.16662597656,250,250,0,0,25,0,72
"127",1,"Nong Thon",4,0,55.4166679382324,147.83332824707,2822,480,149.58332824707,72,300,0,41.6666666666667,12.5,0,50
"128",1,"Thanh Pho",4,354.333343505859,70,157.83332824707,2584,1411,376.666656494141,315,79.5,0,0,40,0,41
"129",1,"Nong Thon",5,145.83332824707,380.833343505859,82.5,1815,1025,120.833335876465,220,25,125,208.333333333333,12.5,0,42
"130",1,"Nong Thon",4,2336.66674804688,24.1666660308838,145.83332824707,3629,526,329.166656494141,133.33332824707,338.333343505859,0,0,11.6666666666667,0,39
"131",1,"Nong Thon",6,57.6666679382324,30,160.75,1895,519,620,180,379.166656494141,0,0,30,0,41
"132",1,"Thanh Pho",3,175,133,217.25,3180,1200,675.416687011719,307.5,583.333312988281,104.166666666667,0,29.3333333333333,0,55
"133",1,"Nong Thon",4,57.5833320617676,245.25,123.333335876465,2183,755,322.5,150,254.33332824707,27.5,208.333333333333,1.08333333333333,0,33
"134",1,"Nong Thon",3,0,6.66666650772095,86.3333358764648,1014,234,449.166656494141,60,100,0,0,6.66666666666667,0,50
"135",2,"Thanh Pho",4,963.333312988281,50,485.833343505859,4100,2010,845.416687011719,316.666656494141,425,0,0,16.6666666666667,0,38
"136",2,"Nong Thon",4,193.33332824707,27.5,126.333335876465,1542,175,150,91,208.33332824707,0,0,25,0,45
"137",2,"Nong Thon",4,0,8.33333301544189,115.75,1405,451,329.583343505859,15,4.66666650772095,0,0,8.33333333333333,0,47
"138",2,"Nong Thon",4,25,0,158.91667175293,2659,1582,478.333343505859,0,137.5,0,0,0,0,30
"139",2,"Thanh Pho",5,0,358.333343505859,192.91667175293,2172,670,264.166656494141,110,430.833343505859,83.3333333333333,108.333333333333,125,0,37
"140",2,"Nong Thon",5,0,329.333343505859,196.41667175293,2500,1072,497.5,116.666664123535,364.166656494141,291.833333333333,16.6666666666667,20.8333333333333,0,52
"141",2,"Thanh Pho",5,81.0833358764648,69.1666641235352,113.416664123535,1370,409,346.916656494141,40,251.25,33.3333333333333,0,20,0,44
"142",2,"Nong Thon",4,88.5833358764648,21,150.16667175293,1431,542,145.41667175293,105.833335876465,75.8333358764648,0,0,10,0,40
"143",2,"Nong Thon",3,0,153.33332824707,355.583343505859,2075,383,250.41667175293,54.1666679382324,170,135.833333333333,0,35,0,44
"144",2,"Nong Thon",6,148.33332824707,565,416.666656494141,6200,1954,1229.16662597656,451.666656494141,856.5,103.333333333333,291.666666666667,166.666666666667,0,52
"145",2,"Nong Thon",5,130,320.833343505859,123.666664123535,1818,550,246.41667175293,32.5,220.41667175293,50,229.166666666667,41.6666666666667,0,34
"146",2,"Nong Thon",4,143.83332824707,40,155.83332824707,1493,426,244.16667175293,44,217.83332824707,0,0,20,0,35
"147",2,"Nong Thon",5,45.8333320617676,39.1666679382324,249.58332824707,2567,297,255.91667175293,750.833312988281,235.83332824707,16.6666666666667,0,20.8333333333333,0,62
"148",2,"Nong Thon",4,3673.16674804688,44.8333320617676,372.166656494141,3744,457,714.166687011719,116.25,366.416656494141,10,0,8.33333333333333,0,50
"149",2,"Nong Thon",7,721.666687011719,52.5,284.5,2769,706,222.16667175293,65,99.8333358764648,37.5,0,15,0,56
"150",2,"Nong Thon",1,0,100.833335876465,119.083335876465,705,110,45.0833320617676,35,22.5,0,54.1666666666667,45.8333333333333,0,75
"151",2,"Nong Thon",5,0,104.166664123535,102.916664123535,2005,418,456.25,31.6666660308838,740.833312988281,16.6666666666667,83.3333333333333,4.16666666666667,0,53
"152",2,"Nong Thon",4,71.6666641235352,237.5,242.16667175293,3926,462,427.5,306.666656494141,137.5,183.333333333333,50,8.33333333333333,0,27
"153",2,"Thanh Pho",3,0,276.666656494141,128.75,1767,375,185.16667175293,40,177.91667175293,0,83.3333333333333,166.666666666667,0,68
"154",2,"Nong Thon",5,213.33332824707,2577.91674804688,107.583335876465,2127,587,194.58332824707,74.1666641235352,97.75,62.5,2500,0,0,33
"155",2,"Thanh Pho",4,133.75,308.25,245.33332824707,10102,1260,513.333312988281,423.333343505859,108.333335876465,128.333333333333,0,250,0,75
"156",2,"Thanh Pho",4,1304.41662597656,206.91667175293,213.33332824707,3567,1150,468.333343505859,198.83332824707,221.66667175293,0,166.666666666667,8.33333333333333,0,42
"157",2,"Nong Thon",3,0,125,111.333335876465,1123,605,123.333335876465,40,54.1666679382324,83.3333333333333,0,41.6666666666667,0,56
"158",2,"Nong Thon",4,0,8.66666698455811,168.5,1803,619,131.41667175293,50,114,4.16666666666667,0,4.5,0,55
"159",2,"Nong Thon",4,1240.83337402344,0,103.5,833,319,92.6666641235352,68,809.583312988281,0,0,0,0,58
"160",2,"Nong Thon",2,25,22.0833339691162,91.6666641235352,1127,291,268.333343505859,58.3333320617676,258.333343505859,22.0833333333333,0,0,0,35
"161",2,"Thanh Pho",3,0,68.3333358764648,194.33332824707,3471,968,2021.41662597656,346.333343505859,305.833343505859,0,0,41.6666666666667,0,48
"162",2,"Thanh Pho",4,360.833343505859,44.1666679382324,110,1723,642,189.16667175293,314.166656494141,80,0,0,25,0,44
"163",2,"Nong Thon",9,1195.83337402344,81.6666641235352,203.5,2285,581,185.83332824707,60,183.33332824707,22.5,0,29.1666666666667,0,47
"164",2,"Nong Thon",4,475,83.3333358764648,117.166664123535,1891,525,295.833343505859,140,241.66667175293,60,0,8.33333333333333,0,41
"165",2,"Thanh Pho",4,235.25,100.583335876465,375.833343505859,4245,2793,686.416687011719,192,693,30.75,0,29.3333333333333,0,45
"166",2,"Thanh Pho",2,0,57.5,206.91667175293,2453,848,152.5,90,22,15.8333333333333,0,83.3333333333333,0,52
"167",2,"Thanh Pho",5,170,40,140.08332824707,2704,1467,93.3333358764648,445,260,0,0,16.6666666666667,0,51
"168",2,"Nong Thon",5,62.8333320617676,223.08332824707,61.4166679382324,1525,335,128.75,160,2.5,156.25,0,1.66666666666667,0,80
"169",2,"Nong Thon",6,16.6666660308838,4000,60.8333320617676,2790,842,296.666656494141,79.1666641235352,125,166.666666666667,3833.33333333333,0,0,64
"170",2,"Thanh Pho",4,505.25,247.25,145,3444,581,603.75,134,374.666656494141,130.416666666667,81.6666666666667,7.83333333333333,0,54
"171",2,"Thanh Pho",3,120.833335876465,40.3333320617676,77.25,2019,452,134.16667175293,70,54.1666679382324,0,0,25,0,52
"172",2,"Thanh Pho",2,0,696.666687011719,45.6666679382324,1074,253,98.5833358764648,4243.5,250.5,675,0,21.6666666666667,0,66
"173",2,"Thanh Pho",4,835.416687011719,37.5,95,1277,672,649.166687011719,22.5,310.833343505859,0,0,5.41666666666667,0,37
"174",2,"Nong Thon",4,51.8333320617676,641.666687011719,185,2890,1117,243.33332824707,0,62.5,583.333333333333,0,50,0,34
"175",2,"Nong Thon",6,127.75,74.5833358764648,199.5,3170,770,284.583343505859,37.5,312.5,25,0,20,0,43
"176",3,"Thanh Pho",4,958.333312988281,131.66667175293,291.25,3384,1601,672.5,390.333343505859,267.5,70.8333333333333,0,60.8333333333333,0,45
"177",3,"Thanh Pho",6,115,659.166687011719,555.75,11553,12102,1563.33337402344,548,964.166687011719,125.833333333333,0,475,0,63
"178",3,"Nong Thon",3,713.333312988281,125,54.75,1954,500,349.166656494141,347.666656494141,275,33.3333333333333,66.6666666666667,50,0,23
"179",3,"Nong Thon",3,194.16667175293,54.1666679382324,132.91667175293,1627,535,250,222.5,245,12.5,0,29.1666666666667,0,39
"180",3,"Nong Thon",4,0,10,246.25,2976,230,240.83332824707,30,703.166687011719,0,0,10,0,55
"181",3,"Nong Thon",4,1104.16662597656,824.583312988281,252.16667175293,2343,1191,241.66667175293,74.1666641235352,303.333343505859,0,125,1333.33333333333,0,54
"182",3,"Nong Thon",4,206.66667175293,19.1666660308838,118.75,1361,270,154.83332824707,80,118.333335876465,0,0,5,0,41
"183",3,"Nong Thon",6,0,294.166656494141,96.1666641235352,2154,395,268.333343505859,70,351.166656494141,0,252.5,41.6666666666667,0,49
"184",3,"Nong Thon",2,0,487.5,229.66667175293,1410,154,528,78.1666641235352,1383.16662597656,237.5,0,500,0,69
"185",3,"Nong Thon",5,525,84.5833358764648,186.33332824707,2143,462,389.166656494141,166.66667175293,259.166656494141,54.1666666666667,0,15,0,46
"186",3,"Thanh Pho",5,394.166656494141,642.583312988281,374.583343505859,5854,1910,2312.08325195312,9099.3330078125,1810,388.333333333333,0,208.333333333333,0,34
"187",3,"Thanh Pho",2,220.83332824707,175,31.9166660308838,1589,357,348.333343505859,100,88.3333358764648,162.5,0,12.5,0,28
"188",3,"Nong Thon",3,0,8.33333301544189,109.5,1554,413,153.75,35,110.833335876465,0,0,8.33333333333333,0,26
"189",3,"Nong Thon",5,1673.16662597656,147.66667175293,171.08332824707,2723,448,467.083343505859,105.166664123535,176.33332824707,75,0,26.6666666666667,0,45
"190",3,"Nong Thon",2,821.25,105.416664123535,62.3333320617676,1805,89,162.5,10.1666669845581,49.5,91.6666666666667,0,16.6666666666667,0,53
"191",3,"Nong Thon",3,0,29.1666660308838,140.75,794,245,234.16667175293,35,1717.5,12.5,0,16.6666666666667,0,49
"192",3,"Nong Thon",4,48.6666679382324,76.25,106.583335876465,2470,341,268.333343505859,30,255.75,22.0833333333333,0,49.1666666666667,0,46
"193",3,"Nong Thon",3,104.166664123535,347.083343505859,101.25,1633,488,187.66667175293,76,21,145.833333333333,166.666666666667,20.8333333333333,0,52
"194",3,"Nong Thon",5,108.833335876465,205.58332824707,297.083343505859,1612,678,432.5,41.6666679382324,220.83332824707,16.6666666666667,33.3333333333333,66.6666666666667,0,44
"195",3,"Thanh Pho",8,70,130.66667175293,354.666656494141,8799,1989,1252.08337402344,213.66667175293,801.666687011719,34.1666666666667,0,79.1666666666667,0,56
"196",3,"Nong Thon",4,390,250.66667175293,210.41667175293,2071,1148,281.666656494141,966.666687011719,249.58332824707,41.6666666666667,166.666666666667,12.5,0,40
"197",3,"Nong Thon",4,58.75,111.666664123535,189.5,2427,374,274.166656494141,208.33332824707,386.833343505859,83.3333333333333,0,23.3333333333333,0,34
"198",3,"Thanh Pho",5,982.5,55.3333320617676,230.08332824707,3176,795,660,129.16667175293,253.33332824707,0,0,20.8333333333333,0,62
"199",3,"Nong Thon",4,787.5,158,194.58332824707,2778,1066,580,400,107.5,26.6666666666667,0,100,0,41
"200",3,"Thanh Pho",4,224.33332824707,448.333343505859,150.58332824707,3921,874,1196.33337402344,248.33332824707,66.5,400,0,37.5,0,55
"201",3,"Nong Thon",4,491.666656494141,97.5833358764648,41.1666679382324,1687,153,175,60,60.6666679382324,0,16.6666666666667,41.6666666666667,0,52
"202",3,"Nong Thon",9,0,101.666664123535,69.5833358764648,2703,477,385.833343505859,15,120.833335876465,0,41.6666666666667,60,0,60
"203",3,"Thanh Pho",3,575,450.833343505859,177.41667175293,1751,637,636.25,115,473.833343505859,375,0,58.3333333333333,0,45
"204",3,"Nong Thon",1,0,0,73.75,485,225,420.833343505859,28,204.16667175293,0,0,0,0,44
"205",3,"Thanh Pho",6,163.75,861.666687011719,153.66667175293,1957,1122,630.833312988281,173.33332824707,180.16667175293,18.3333333333333,791.666666666667,41.6666666666667,0,45
"206",3,"Thanh Pho",9,203.33332824707,265.166656494141,146.66667175293,3310.5,585,691.666687011719,100,525,125.833333333333,66.6666666666667,16.6666666666667,0,44
"207",3,"Nong Thon",3,270.833343505859,302.5,129.25,811,582,471.666656494141,30,410.416656494141,250,0,25,0,34
"208",3,"Thanh Pho",3,558.333312988281,405.75,507.916656494141,1903,940,550.416687011719,4376.66650390625,360.916656494141,208.333333333333,0,125,0,50
"209",3,"Nong Thon",3,208.33332824707,83.3333358764648,133.33332824707,1994,581,266.666656494141,91.6666641235352,343.333343505859,58.3333333333333,0,16.6666666666667,0,39
"210",3,"Nong Thon",6,1011,231.66667175293,85.25,2362,1490,433.333343505859,80,54.1666679382324,191.666666666667,0,4.16666666666667,0,78
"211",3,"Nong Thon",3,220.83332824707,32.0833320617676,91.1666641235352,2535,941,370.416656494141,100,56.6666679382324,0,0,16.6666666666667,0,36
"212",3,"Nong Thon",4,1519.16662597656,131.5,140.58332824707,1537.5,770,508.333343505859,226.66667175293,175,41.6666666666667,0,25,0,46
"213",3,"Thanh Pho",4,0,129.16667175293,307.416656494141,5538,1535,1048.33337402344,957.5,271.583343505859,54.1666666666667,0,41.6666666666667,0,63
"214",3,"Thanh Pho",1,0,50,129.16667175293,1157,302,84.1666641235352,1153.33337402344,58.3333320617676,0,0,50,0,50
"215",3,"Nong Thon",2,0,16.6666660308838,59.1666679382324,3808,315,234,580,168.33332824707,16.6666666666667,0,0,0,49
"216",3,"Nong Thon",7,43.75,111.666664123535,161.25,1913,475,207.91667175293,56.6666679382324,310,20,83.3333333333333,8.33333333333333,0,56
"217",3,"Nong Thon",3,107.416664123535,211.16667175293,203.41667175293,2744,1029,394,521,2521.91674804688,96.6666666666667,0,33.3333333333333,0,44
"218",3,"Nong Thon",4,12.5,70.0833358764648,215.66667175293,2737,691,414.166656494141,30,1425.41662597656,8.33333333333333,0,58.3333333333333,0,66
"219",3,"Nong Thon",4,16.6666660308838,216.66667175293,112.416664123535,1960,530,213.75,23.3333339691162,1029.16662597656,191.666666666667,0,33.3333333333333,0,65
"220",3,"Nong Thon",5,0,31.0833339691162,77.5,2888,601,296.166656494141,29.3333339691162,102.5,9.16666666666667,0,18.1666666666667,0,44
"221",3,"Nong Thon",6,1090.75,396.666656494141,83,2260,3278,445,408.333343505859,200,256.666666666667,0,100,0,45
"222",3,"Nong Thon",2,0,233.33332824707,110.5,918,225,222.08332824707,335.416656494141,66.6666641235352,0,200,33.3333333333333,0,56
"223",4,"Nong Thon",4,0,174.16667175293,437.166656494141,3369,1561,1458.5,450.833343505859,291.666656494141,30.8333333333333,0,25,0,53
"224",4,"Thanh Pho",4,416.666656494141,25.8333339691162,218.75,3035,1105,181.25,230,100,0,0,5.83333333333333,0,80
"225",4,"Nong Thon",5,460.833343505859,54.3333320617676,694.583312988281,2596,642,1231.66662597656,82.5,250,0,0,41.6666666666667,0,29
"226",4,"Nong Thon",3,20.4166660308838,0,207.33332824707,1550,913,132.91667175293,25,87.5,0,0,0,0,31
"227",4,"Nong Thon",5,111.666664123535,869.166687011719,441.458343505859,2005,430,451.666656494141,70,778.75,816.666666666667,0,41.6666666666667,0,31
"228",4,"Thanh Pho",4,0,100,86.4166641235352,1457,625,328.333343505859,106,166.66667175293,0,83.3333333333333,16.6666666666667,0,64
"229",4,"Nong Thon",2,0,80.4166641235352,136.75,1293,237,160,26.25,209.58332824707,5.41666666666667,45.8333333333333,29.1666666666667,0,74
"230",4,"Nong Thon",4,105,1480,156.66667175293,2095,722,287.25,119.166664123535,250,1458.33333333333,0,16.6666666666667,0,37
"231",4,"Nong Thon",3,96.6666641235352,15,45.25,2526,280,98.0833358764648,20.5,85.8333358764648,0,4.16666666666667,10,0,29
"232",4,"Nong Thon",4,63.75,337.083343505859,87.5,1522,277,229.16667175293,41.6666679382324,103.333335876465,0,291.666666666667,12.5,0,39
"233",4,"Nong Thon",2,0,1294.16662597656,265.75,1253,258,136.25,28,282.916656494141,0,1250,41.6666666666667,0,66
"234",4,"Nong Thon",5,900,397.916656494141,84.4166641235352,1865,477,173.66667175293,45,241.66667175293,242.5,0,83.3333333333333,0,52
"235",4,"Thanh Pho",4,465.416656494141,386.666656494141,233.75,2700,2261,1232.91662597656,259,600.166687011719,66.6666666666667,125,100,0,44
"236",4,"Thanh Pho",4,46.4166679382324,38.25,103.166664123535,2212,738,195.83332824707,208,43.75,14.5833333333333,0,6.66666666666667,0,42
"237",4,"Nong Thon",4,41.6666679382324,45.8333320617676,274.166656494141,3521,680,251.66667175293,85,236.66667175293,16.6666666666667,0,29.1666666666667,0,62
"238",4,"Nong Thon",6,259.166656494141,350.666656494141,174.75,2082,1645,332.916656494141,166.66667175293,672.5,207.5,0,50,0,39
"239",4,"Nong Thon",5,125.833335876465,144.16667175293,162.91667175293,2625,432,473.583343505859,50,233,120,0,5.83333333333333,0,65
"240",4,"Nong Thon",6,0,419.5,411.5,2974,1002,740.833312988281,175,193.33332824707,275,0,12.5,0,84
"241",4,"Thanh Pho",5,0,55.8333320617676,219.41667175293,1664,347,362.083343505859,35,113.333335876465,51.6666666666667,0,2.5,0,44
"242",4,"Thanh Pho",8,1233.33337402344,486.666656494141,421.833343505859,7165,1825,2815.83325195312,2220,950,375,0,83.3333333333333,0,54
"243",4,"Thanh Pho",4,264.166656494141,259.166656494141,78.9166641235352,1294,496,218.33332824707,62.5,66.6666641235352,112.5,0,125,0,36
"244",4,"Thanh Pho",3,95,540.833312988281,100,1504,903,424.333343505859,110,129.16667175293,0,500,10.4166666666667,0,35
"245",4,"Nong Thon",3,0,28.3333339691162,89.1666641235352,1436,430,158.41667175293,45,55,11.6666666666667,0,15,0,69
"246",4,"Nong Thon",4,0,0,91.9166641235352,2301,589,164.58332824707,85,38.3333320617676,0,0,0,0,47
"247",4,"Nong Thon",1,0,891.666687011719,32.5,543,217,58.75,44,26.6666660308838,833.333333333333,0,58.3333333333333,0,37
"248",4,"Thanh Pho",3,545.833312988281,281.666656494141,339.166656494141,3736,1005,449.166656494141,608,204.16667175293,240,0,41.6666666666667,0,32
"249",4,"Thanh Pho",3,0,789.25,168.5,2739,1058,1828.16662597656,386.666656494141,345.833343505859,775,0,10.4166666666667,0,55
"250",4,"Thanh Pho",4,950,151.08332824707,351.083343505859,3274,1533,945.833312988281,21073.333984375,40,69.4166666666667,0,50,0,50
"251",4,"Nong Thon",6,60.8333320617676,15,154.16667175293,3272,759,274.166656494141,115,175,3.33333333333333,0,3.33333333333333,0,47
"252",4,"Nong Thon",3,0,75,286.166656494141,2429,865,775.833312988281,75,662.5,58.3333333333333,0,12.5,0,58
"253",4,"Nong Thon",5,144,79.0833358764648,133.58332824707,5499,1920,332.416656494141,147.08332824707,249.16667175293,18.1666666666667,0,54.1666666666667,0,33
"254",4,"Thanh Pho",3,435,2808.33325195312,174.08332824707,1629,672,363.75,460,264.333343505859,1937.5,833.333333333333,25,0,27
"255",4,"Nong Thon",6,114.333335876465,138.16667175293,118.833335876465,2025,457,241.66667175293,30.8333339691162,333.333343505859,41.0833333333333,0,21.6666666666667,0,49
"256",4,"Nong Thon",4,110.583335876465,123.166664123535,107.416664123535,1171,564,144.16667175293,42.4166679382324,182,91.6666666666667,0,0,0,37
"257",4,"Nong Thon",2,0,781.583312988281,40.5833320617676,715,116,19.25,13,26.6666660308838,777.916666666667,0,3.66666666666667,0,47
"258",4,"Nong Thon",5,0,68.3333358764648,129.41667175293,1856,696,29.3333339691162,60,41.6666679382324,39.1666666666667,0,25,0,38
"259",4,"Nong Thon",4,0,211.66667175293,173.25,1709,529,266.666656494141,85,304.166656494141,125,0,54.1666666666667,0,59
"260",4,"Nong Thon",3,16.6666660308838,20.8333339691162,181.25,1731,770,178.33332824707,40,116.666664123535,0,0,20.8333333333333,0,54
"261",4,"Nong Thon",7,59.1666679382324,1527.08337402344,509.916656494141,9300,2810,698.333312988281,312.5,400,1433.33333333333,0,83.3333333333333,0,61
"262",5,"Thanh Pho",3,0,45.8333320617676,101.333335876465,1232,300,194,41.6666679382324,95.4166641235352,8.33333333333333,25,12.5,0,29
"263",5,"Nong Thon",3,33.3333320617676,29.1666660308838,186.16667175293,2127,342,282.5,24.1666660308838,125,25,0,4.16666666666667,0,51
"264",5,"Nong Thon",5,0,300,327.666656494141,2451,1182,241,150,178.33332824707,0,150,150,0,52
"265",5,"Nong Thon",9,62.25,44.1666679382324,398.75,2088,658,441.666656494141,43.3333320617676,296.666656494141,1.66666666666667,17.5,25,0,31
"266",5,"Nong Thon",4,167.75,50.4166679382324,154.66667175293,1472,375,146.16667175293,80,175.83332824707,0,0,17.9166666666667,0,39
"267",5,"Nong Thon",4,333.333343505859,94.1666641235352,218.66667175293,2168,455,201.66667175293,75,247.91667175293,5.83333333333333,41.6666666666667,25,0,39
"268",5,"Thanh Pho",5,0,269.75,236.91667175293,2801,820,383.333343505859,204,140.41667175293,150,28.75,58.3333333333333,0,56
"269",5,"Thanh Pho",3,0,314.166656494141,266.25,3357,695,638.75,120,2180.83325195312,197.5,0,50,0,63
"270",5,"Nong Thon",4,194.16667175293,103,120.416664123535,1612,1910,212.5,70,222.5,0,0,12.5,0,40
"271",5,"Thanh Pho",3,0,191.25,284.416656494141,2078,792,895.833312988281,136.33332824707,501.666656494141,59.1666666666667,0,33.3333333333333,0,54
"272",5,"Nong Thon",3,250.83332824707,17.8333339691162,224.33332824707,2077,732,292.5,104.166664123535,274.166656494141,0,0,4.16666666666667,0,47
"273",5,"Thanh Pho",5,1047.91662597656,60.8333320617676,108.416664123535,2027,407,263.333343505859,42.5,129.33332824707,12.5,0,29.1666666666667,0,46
"274",5,"Nong Thon",4,989.166687011719,389.166656494141,298.75,3746,868,872.916687011719,150,679.166687011719,258.333333333333,0,166.666666666667,0,50
"275",5,"Nong Thon",6,203.16667175293,965.833312988281,334,3532,716,443.333343505859,950,25,408.333333333333,516.666666666667,20.8333333333333,0,43
"276",5,"Nong Thon",5,334.166656494141,140.83332824707,95.0833358764648,1747,1055,207.08332824707,75,307.5,7.5,58.3333333333333,75,0,35
"277",5,"Nong Thon",1,0,212.5,60.6666679382324,545,784,156.66667175293,60.8333320617676,8.33333301544189,125,4.16666666666667,83.3333333333333,0,18
"278",5,"Nong Thon",2,0,245,62,1319,395,198.66667175293,442.333343505859,32.5,0,233.333333333333,11.6666666666667,0,23
"279",5,"Nong Thon",3,45.8333320617676,1117.91662597656,131.58332824707,1607,621,189.58332824707,185,91.6666641235352,533.333333333333,583.333333333333,0,0,43
"280",5,"Nong Thon",4,0,158.33332824707,181.08332824707,2012,944,664.166687011719,258.333343505859,575,125,0,33.3333333333333,0,47
"281",5,"Thanh Pho",3,0,195.91667175293,128.5,2739,635,172.91667175293,87.0833358764648,183.33332824707,83.3333333333333,0,83.3333333333333,0,63
"282",5,"Nong Thon",6,484.166656494141,410,208,2957,812,283.083343505859,83,220,353.333333333333,0,33.3333333333333,0,70
"283",5,"Nong Thon",4,0,190,150.25,1379,442,165.66667175293,90,375,172.5,0,17.5,0,54
"284",5,"Nong Thon",3,15.8333330154419,275,52.375,2417.5,551,227.91667175293,145,50,25,250,0,0,89
"285",5,"Nong Thon",3,0,29.1666660308838,53.1666679382324,1773,338,155.75,41.0833320617676,264.833343505859,18.0833333333333,0,8.83333333333333,0,72
"286",5,"Nong Thon",4,61.25,350,284.333343505859,3131,473,1185.41662597656,316.666656494141,683.333312988281,0,333.333333333333,16.6666666666667,0,33
"287",5,"Nong Thon",3,0,33.3333320617676,136.33332824707,1457,786,140.41667175293,175,53.3333320617676,0,0,33.3333333333333,0,49
"288",6,"Nong Thon",4,0,12.5,166.91667175293,1478,510,314.166656494141,115,191.66667175293,0,0,12.5,0,31
"289",6,"Nong Thon",3,0,58.3333320617676,167.16667175293,1573,725,361.25,144.16667175293,607.083312988281,25,0,25,0,64
"290",6,"Nong Thon",5,1066.66662597656,52.25,269.083343505859,3491,578,998.916687011719,116.666664123535,520.166687011719,39.1666666666667,0,8.33333333333333,0,47
"291",6,"Thanh Pho",1,0,91.6666641235352,70.5833358764648,241,49,64.25,67.6666641235352,75.4166641235352,83.3333333333333,0,8.33333333333333,0,48
"292",6,"Nong Thon",2,0,11.25,106.25,1105,196,37.5,40.6666679382324,176.41667175293,0,0,11.25,0,89
"293",6,"Nong Thon",2,0,10.8333330154419,240.83332824707,1440,333,189.58332824707,72.5,343.333343505859,1.66666666666667,0,9.16666666666667,0,59
"294",6,"Nong Thon",2,0,30,114.083335876465,1045,153,162.5,1029,506.666656494141,0,0,0,0,57
"295",6,"Nong Thon",3,0,1000,102.5,1669,390,361.666656494141,69.6666641235352,259.75,0,1000,0,0,50
"296",6,"Nong Thon",5,1408.83337402344,13.8333330154419,163.83332824707,2267,371,616.666687011719,80,242.5,0,0,10,0,44
"297",6,"Nong Thon",5,1253.83337402344,108.333335876465,183.41667175293,1803,304,400.416656494141,50.6666679382324,181.91667175293,0,0,83.3333333333333,0,41
"298",6,"Nong Thon",5,604.166687011719,229.75,234.91667175293,2526,233,355.416656494141,60,272.916656494141,20.8333333333333,0,162.5,0,43
"299",6,"Nong Thon",5,222.75,39.1666679382324,149.75,2021.5,830,439.583343505859,58.3333320617676,36.6666679382324,20.8333333333333,0,9.58333333333333,0,47
"300",6,"Nong Thon",2,0,305,148.5,1336,425,289.166656494141,80,362.5,241.666666666667,0,0,0,67
"301",6,"Nong Thon",1,0,75,151.66667175293,905,112,26.25,19.1666660308838,141.66667175293,16.6666666666667,41.6666666666667,33.3333333333333,0,66
"302",6,"Nong Thon",3,0,0,119.833335876465,1470,573,514.166687011719,83.3333358764648,113.333335876465,0,0,0,0,26
"303",6,"Thanh Pho",4,123.666664123535,31.6666660308838,148.91667175293,1652,498,136.66667175293,107.333335876465,115.416664123535,0,0,10,0,46
"304",6,"Thanh Pho",4,30.8333339691162,41.6666679382324,100.666664123535,1625,333,86.25,90,125,33.3333333333333,0,16.6666666666667,0,28
"305",6,"Nong Thon",4,18.3333339691162,241.66667175293,183.08332824707,2013,474,171,43.3333320617676,43.3333320617676,183.333333333333,0,58.3333333333333,0,23
"306",6,"Nong Thon",7,15.4166669845581,12.5,94.8333358764648,2069,811,151.66667175293,32.0833320617676,200,0,0,10.8333333333333,0,50
"307",6,"Nong Thon",5,294.833343505859,345.583343505859,202.16667175293,5209,839,1135.83337402344,116.666664123535,758.333312988281,286.666666666667,0,25,0,40
"308",6,"Nong Thon",4,308.583343505859,102.5,82.9166641235352,2809,1070,498.833343505859,183.33332824707,607.083312988281,0,0,100,0,43
"309",6,"Thanh Pho",4,285,225,100.333335876465,1393,1127,425,150,63.3333320617676,225,0,0,0,38
"310",6,"Nong Thon",4,0,390.416656494141,135.08332824707,2966,728,812,276.666656494141,349.166656494141,102.5,14.5833333333333,500,0,32
"311",6,"Nong Thon",4,285,99.5833358764648,131.25,2478,1086,366.666656494141,83.3333358764648,327.5,17.0833333333333,0,41.6666666666667,0,38
"312",6,"Thanh Pho",8,631.166687011719,1375,2347.5,4169,840,1291.66662597656,4003.33325195312,598.333312988281,1204.16666666667,0,300,0,37
"313",6,"Nong Thon",5,49.3333320617676,5.41666650772095,72.8333358764648,2291,340,157.16667175293,110,41.6666679382324,0,0,5.41666666666667,0,35
"314",6,"Nong Thon",2,0,1908.33337402344,70.9166641235352,405,77,56.6666679382324,100,337.5,116.666666666667,1750,83.3333333333333,0,80
"315",6,"Nong Thon",3,130.66667175293,36.1666679382324,41.375,1202,566,178.33332824707,24,242.08332824707,13.0833333333333,0,0.666666666666667,0,42
"316",6,"Nong Thon",3,0,93.3333358764648,117.583335876465,1984,812,235.83332824707,64.1666641235352,187.5,54.1666666666667,0,13.3333333333333,0,61
"317",6,"Thanh Pho",4,171.66667175293,204.16667175293,98.4166641235352,3078,470,65,60,83.3333358764648,0,204.166666666667,0,0,54
"318",6,"Thanh Pho",5,44,451.666656494141,33.3333320617676,1893,386,65,70,75,32.5,416.666666666667,2.5,0,35
"319",6,"Thanh Pho",3,163.75,33.8333320617676,204.58332824707,1230,778,140,90,95.8333358764648,11.3333333333333,0,4.16666666666667,0,45
"320",7,"Thanh Pho",2,0,198.33332824707,210.75,2048.5,499,497.166656494141,139.16667175293,46.6666679382324,125,0,38.3333333333333,0,64
"321",7,"Thanh Pho",5,1054.16662597656,845.833312988281,496.916656494141,8827,2465,1349.75,1360,346.666656494141,7.5,0,808.333333333333,0,74
"322",7,"Nong Thon",3,0,183.33332824707,102.083335876465,1565,329,202.5,54.5,160.83332824707,37.5,100,41.6666666666667,0,59
"323",7,"Nong Thon",4,221.66667175293,905.666687011719,150.58332824707,2485,676,390.833343505859,74,200,0,833.333333333333,41.6666666666667,0,33
"324",7,"Thanh Pho",6,0,279.166656494141,218.33332824707,3506,845,153.33332824707,165,108.333335876465,45.8333333333333,0,416.666666666667,0,63
"325",7,"Thanh Pho",4,558.333312988281,83.3333358764648,210.83332824707,2974,980,390.833343505859,152,1254.16662597656,0,41.6666666666667,41.6666666666667,0,49
"326",7,"Nong Thon",5,0,65,402.25,3705,743,435,151.83332824707,213.33332824707,40,8.33333333333333,16.6666666666667,0,57
"327",7,"Thanh Pho",2,0,25,176.66667175293,1269,438,227.25,171,200,0,0,25,0,57
"328",7,"Nong Thon",4,109.583335876465,67.9166641235352,72.4166641235352,1651,674,282.916656494141,29.1666660308838,43.3333320617676,17.9166666666667,0,50,0,33
"329",7,"Thanh Pho",3,0,1627.5,293.833343505859,4315,672,831.666687011719,210,1025,625,0,2000,0,51
"330",7,"Nong Thon",3,0,599.166687011719,123.416664123535,1712,163,129.16667175293,40,220,0,583.333333333333,12.5,0,54
"331",7,"Thanh Pho",4,0,639.166687011719,219,1679,329,99.1666641235352,47.5,54.1666679382324,1.66666666666667,125,500,0,47
"332",7,"Nong Thon",4,208.33332824707,24.4166660308838,185.66667175293,1604,399,171.5,85.8333358764648,74.1666641235352,0,0,12.5,0,50
"333",7,"Nong Thon",3,58.3333320617676,181.25,60.3333320617676,1290,339,90.9166641235352,45,164.66667175293,137.916666666667,0,166.666666666667,0,34
"334",7,"Thanh Pho",5,232.5,360.833343505859,259.583343505859,4043,830,414.583343505859,278,182.5,204.166666666667,0,250,0,37
"335",7,"Thanh Pho",4,765,74.25,135.83332824707,2326,1710,316.666656494141,100,292.5,0,0,20.8333333333333,0,56
"336",7,"Thanh Pho",5,562.916687011719,134,220.83332824707,2003,845,473.333343505859,135,378.75,0,0,8.33333333333333,0,71
"337",7,"Thanh Pho",4,122,947.083312988281,45.5,1846,498,150.83332824707,38,35.9166679382324,0,933.333333333333,13.75,0,30
"338",7,"Nong Thon",2,0,337.833343505859,125.333335876465,1664,327,403.333343505859,28.9166660308838,284.75,333.333333333333,0,3.16666666666667,0,47
"339",7,"Nong Thon",4,365.416656494141,462.166656494141,240,1765,498,363.583343505859,60,559.416687011719,0,416.666666666667,25,0,39
"340",7,"Nong Thon",3,545.833312988281,370,133.58332824707,989,326,137.41667175293,127.333335876465,94.8333358764648,0,333.333333333333,16.6666666666667,0,59
"341",7,"Nong Thon",5,219.16667175293,64,247.25,1289,417,652.916687011719,20.8333339691162,238.91667175293,0,0,33.3333333333333,0,37
"342",7,"Thanh Pho",2,0,12.5,62.5833320617676,1129,203,55.25,28.3333339691162,234.83332824707,0,0,12.5,0,70
"343",7,"Nong Thon",4,100,104.333335876465,202.91667175293,1968,673,222.5,61.6666679382324,87.5,5.83333333333333,0,0,0,45
"344",7,"Nong Thon",4,59.1666679382324,66.6666641235352,251.5,2929,1515,329.166656494141,120,112.5,41.6666666666667,0,25,0,29
"345",7,"Nong Thon",4,1966.66662597656,296.666656494141,307.166656494141,2035,727,577.083312988281,312.083343505859,444.166656494141,245.833333333333,0,26.6666666666667,0,44
"346",7,"Nong Thon",1,0,500.833343505859,48.0833320617676,447,122,59.1666679382324,30,250.91667175293,37.5,458.333333333333,15,0,54
"347",7,"Thanh Pho",4,132.25,66.6666641235352,390.833343505859,3420,633,445.833343505859,175,32.0833320617676,33.3333333333333,0,25,0,42
"348",7,"Nong Thon",4,16.6666660308838,235,82.5,1578,500,505,150,650,0,166.666666666667,16.6666666666667,0,73
"349",7,"Nong Thon",4,355,105.833335876465,558.75,1596,1337,800,200,904.166687011719,46.6666666666667,0,20.8333333333333,0,47
"350",7,"Nong Thon",4,383.333343505859,166.66667175293,312.833343505859,1867,899,406.666656494141,2595,343.333343505859,100,33.3333333333333,25,0,29
"351",7,"Thanh Pho",4,0,50,94.1666641235352,1877,722,61.25,68.3333358764648,185,16.6666666666667,0,33.3333333333333,0,54
"352",7,"Thanh Pho",2,0,14.1666669845581,129.33332824707,1817,968,162.33332824707,3150,750,0,0,10,0,37
"353",7,"Nong Thon",2,0,291.666656494141,101.25,982,525,540.833312988281,415,512.5,166.666666666667,0,200,0,81
"354",7,"Nong Thon",2,360.833343505859,156.66667175293,53.75,1382,152,96.9166641235352,177.5,100,0,0,150,0,53
"355",7,"Nong Thon",4,39.6666679382324,431.666656494141,78.25,1428,496,190.08332824707,72.5833358764648,297.166656494141,75.8333333333333,204.166666666667,150,0,47
"356",7,"Nong Thon",5,252.91667175293,745.833312988281,87.75,2433,632,405.166656494141,91.6666641235352,191.66667175293,700,0,41.6666666666667,0,44
"357",7,"Thanh Pho",9,127.416664123535,148.58332824707,212.75,3912,1193,778.416687011719,383.5,201.66667175293,72.0833333333333,0,37.5,0,53
"358",7,"Thanh Pho",4,0,39.1666679382324,150,3334,1025,397.916656494141,633.333312988281,500,18.3333333333333,0,16.6666666666667,0,50
"359",7,"Thanh Pho",3,0,568.333312988281,94.3333358764648,2502,896,175.66667175293,93,170.83332824707,0,266.666666666667,301.666666666667,0,41
"360",7,"Thanh Pho",2,0,1506.5,59.4166679382324,2079,538,179.41667175293,199,183.66667175293,389.833333333333,0,2208.33333333333,0,70
"361",7,"Nong Thon",4,0,83.3333358764648,114.583335876465,1593,341,360.833343505859,0,250,0,0,83.3333333333333,0,70
"362",7,"Nong Thon",4,83.3333358764648,91.6666641235352,79.75,1400,516,173.33332824707,60,708.333312988281,83.3333333333333,0,8.33333333333333,0,31
"363",7,"Nong Thon",2,0,0,350.166656494141,3743,1156,307.5,45,432.916656494141,0,0,0,0,50
"364",8,"Thanh Pho",4,875,20.8333339691162,224.41667175293,5187.5,2595,2141.66674804688,450,481.666656494141,4.16666666666667,0,16.6666666666667,0,45
"365",8,"Thanh Pho",3,0,126.666664123535,174.41667175293,1875,631,197.66667175293,179.66667175293,35.8333320617676,0,0,83.3333333333333,0,50
"366",8,"Thanh Pho",4,883.333312988281,70,172.66667175293,5660,1672,3498.33325195312,245.33332824707,510.833343505859,33.3333333333333,0,25,0,33
"367",8,"Nong Thon",1,0,20.8333339691162,49.9166679382324,773,374,381.25,155.5,129.16667175293,0,0,16.6666666666667,0,24
"368",8,"Nong Thon",4,379.833343505859,720.833312988281,172.33332824707,2083,471,455.833343505859,66.6666641235352,387.083343505859,716.666666666667,0,4.16666666666667,0,40
"369",8,"Nong Thon",3,0,451.666656494141,107.416664123535,1173,449,758.333312988281,141.66667175293,258.333343505859,5.83333333333333,416.666666666667,58.3333333333333,0,26
"370",8,"Nong Thon",4,364.166656494141,6.66666650772095,347.5,4005,947,327.916656494141,200,108.333335876465,0,0,0,0,37
"371",8,"Thanh Pho",4,66,10,153.41667175293,2446,530,800.416687011719,92,247.5,0,0,10,0,28
"372",8,"Nong Thon",6,116.666664123535,458.333343505859,156.83332824707,2229,725,737.5,50,587.5,0,416.666666666667,41.6666666666667,0,37
"373",8,"Nong Thon",4,120,16.6666660308838,207.5,2038,831,474.333343505859,151.25,443.333343505859,0,0,16.6666666666667,0,37
"374",8,"Thanh Pho",3,0,500,296.5,2316,868,1226.75,130,1780.83337402344,25,375,83.3333333333333,0,45
"375",8,"Nong Thon",2,0,15.8333330154419,291.083343505859,1165.5,127,193.75,280,50,11.6666666666667,0,4.16666666666667,0,61
"376",8,"Thanh Pho",4,77.5,90,237.5,2820,600,456.666656494141,60,341.666656494141,29.1666666666667,16.6666666666667,25,0,44
"377",8,"Thanh Pho",4,116.666664123535,732.833312988281,305.833343505859,2241,553,460,190,425,0,250,416.666666666667,0,47
"378",8,"Nong Thon",1,0,287.5,62,745,191,54.1666679382324,60,270.833343505859,100,0,177.5,0,92
"379",8,"Nong Thon",4,0,371.25,167,1949,697,242.33332824707,37.5,115.916664123535,216.666666666667,115,76.6666666666667,0,60
"380",8,"Nong Thon",4,312.083343505859,27.5,191.58332824707,2460,514,387.5,30,196.16667175293,0,25,2.5,0,45
"381",8,"Nong Thon",4,175.66667175293,203.16667175293,98.6666641235352,1526,266,118.75,73,254.75,116.666666666667,0,16.6666666666667,0,42
"382",8,"Thanh Pho",4,1047.5,176,254.16667175293,3196,673,772.916687011719,205,188.33332824707,0,0,150,0,45
"383",8,"Nong Thon",4,642.5,134.41667175293,132.25,2019,140,242.91667175293,125,238.75,100,0,20.8333333333333,0,51
"384",8,"Nong Thon",6,722.166687011719,75.5833358764648,196.91667175293,1497,701,536.666687011719,62.3333320617676,336.666656494141,25.1666666666667,25,0,0,39
"385",8,"Nong Thon",3,0,758.333312988281,117.333335876465,1042,139,111.75,15,110.833335876465,0,758.333333333333,0,0,68
"386",8,"Thanh Pho",4,502.083343505859,120.416664123535,189.75,2698,505,272.5,247,179.91667175293,50,0,20.8333333333333,0,49
"387",8,"Nong Thon",5,74.5833358764648,99.5833358764648,246.25,1706.5,753,244.66667175293,58.3333320617676,379.583343505859,40.8333333333333,0,39.5833333333333,0,32
"388",8,"Nong Thon",2,0,2232.5,41.75,552,138,21.1666660308838,40,168.16667175293,133.333333333333,2050,95,0,57
"389",8,"Thanh Pho",2,0,3175,125.833335876465,2403,820,498.333343505859,146,975,3166.66666666667,0,0,0,60
"390",8,"Nong Thon",2,166.66667175293,602.5,166.66667175293,1723,227,240,133.33332824707,18.3333339691162,500,0,100,0,68
"391",8,"Nong Thon",3,461.666656494141,7083.33349609375,651.833312988281,4964,1687,1446.33337402344,173.33332824707,560,5575,1333.33333333333,158.333333333333,0,52
"392",8,"Nong Thon",4,380.333343505859,24.1666660308838,274.166656494141,3145.5,1249,590.416687011719,100,252.5,0,0,16.6666666666667,0,50
"393",8,"Nong Thon",3,0,75,49.4166679382324,1130,530,169.66667175293,70,325,50,0,25,0,29
"394",8,"Nong Thon",4,733.333312988281,31.6666660308838,260.25,7066,2125,642.916687011719,218.33332824707,187.5,8.33333333333333,0,12.5,0,35
"395",8,"Nong Thon",3,0,239.16667175293,69.1666641235352,1932,538,161.25,95.8333358764648,219.16667175293,50,150,33.3333333333333,0,31
"396",8,"Thanh Pho",4,729.166687011719,48.6666679382324,341.333343505859,3454,2564,2275.83325195312,790.833312988281,378.333343505859,0,0,33.3333333333333,0,24
"397",8,"Thanh Pho",5,0,54.4166679382324,124.833335876465,3354,722,468.416656494141,318.666656494141,304.333343505859,20.9166666666667,0,17,0,69
"398",8,"Nong Thon",5,0,41.6666679382324,122.75,2218.5,410,162.91667175293,29,83.3333358764648,35,0,6.66666666666667,0,48
"399",8,"Nong Thon",7,62.9166679382324,104.833335876465,197.58332824707,4161,1041,468.333343505859,102,823.333312988281,55.8333333333333,0,29.1666666666667,0,50
"400",8,"Nong Thon",3,311.833343505859,31.1666660308838,42.25,1027,497,121.25,42.5,93.3333358764648,31.1666666666667,0,0,0,30
"401",9,"Thanh Pho",5,3400,583.333312988281,672.75,6881,3040,5550,1246.66662597656,1208.33337402344,208.333333333333,0,333.333333333333,0,38
"402",9,"Nong Thon",5,75,176.66667175293,135.16667175293,2034,366,162.5,507.5,85.8333358764648,0,0,150,0,57
"403",9,"Thanh Pho",4,600,891.666687011719,256.25,2004,610,2920.83325195312,245,483.333343505859,166.666666666667,666.666666666667,58.3333333333333,0,34
"404",9,"Nong Thon",3,0,2.5,234.58332824707,1842,220,181.58332824707,110,218.33332824707,0,0,2.5,0,42
"405",9,"Nong Thon",6,108,20.8333339691162,296.083343505859,2182,383,538.75,40,226.25,6.25,0,4.16666666666667,0,80
"406",9,"Thanh Pho",2,0,170.83332824707,43.3333320617676,1308,230,120.833335876465,90,183.75,0,83.3333333333333,83.3333333333333,0,79
"407",9,"Nong Thon",6,0,108.333335876465,127.166664123535,2036,278,176.16667175293,60,212.75,83.3333333333333,0,25,0,32
"408",9,"Thanh Pho",4,476.666656494141,344.5,269.75,3378,477,692.166687011719,436.666656494141,738.333312988281,310.833333333333,0,16.6666666666667,0,41
"409",9,"Thanh Pho",3,83.3333358764648,45.8333320617676,103.5,1484,250,307.5,240,169.16667175293,4.16666666666667,0,41.6666666666667,0,58
"410",9,"Nong Thon",3,1158.33337402344,77.0833358764648,201,1563,468,203.75,58.3333320617676,207.5,29.1666666666667,0,16.6666666666667,0,56
"411",9,"Nong Thon",4,57.9166679382324,100.833335876465,113.166664123535,1900,480,41.25,938.333312988281,395.833343505859,29.1666666666667,53.3333333333333,12.5,0,54
"412",9,"Nong Thon",6,159.66667175293,441,70.25,1603,639,189.58332824707,40,383.166656494141,125,200,41.6666666666667,0,54
"413",9,"Thanh Pho",4,491.666656494141,61.6666679382324,363.333343505859,2571,964,806.25,240,623.333312988281,0,0,41.6666666666667,0,53
"414",9,"Thanh Pho",5,105.25,191.25,127.25,3547,941,780.583312988281,200,227.08332824707,59.1666666666667,0,14.1666666666667,0,41
"415",9,"Thanh Pho",2,0,125,207.33332824707,2509,420,371.666656494141,158,175,0,0,41.6666666666667,0,83
"416",9,"Nong Thon",3,210,254.16667175293,97,1493,211,215.83332824707,105,423.416656494141,208.333333333333,0,33.3333333333333,0,47
"417",9,"Nong Thon",4,86.25,151.5,165.58332824707,2430,597,227.08332824707,157.5,129.25,71.6666666666667,0,0.833333333333333,0,33
"418",9,"Thanh Pho",5,230.83332824707,277.5,180.58332824707,2665,740,481.25,83.3333358764648,154.16667175293,125,0,37.5,0,52
"419",9,"Nong Thon",4,858.333312988281,19.1666660308838,129.25,4107,410,289.166656494141,50,126.666664123535,15,0,4.16666666666667,0,55
"420",9,"Nong Thon",4,76.6666641235352,252.83332824707,148,3243.5,1285,1135,140,735,200,0,33.3333333333333,0,34
"421",9,"Nong Thon",3,1030.41662597656,540,63.4166679382324,1872,405,146.25,72,216.66667175293,283.333333333333,0,208.333333333333,0,43
"422",9,"Thanh Pho",4,0,1256.66662597656,141.33332824707,2296,423,384.166656494141,195,170.41667175293,1116.66666666667,0,16.6666666666667,0,54
"423",9,"Thanh Pho",2,7.5,29.1666660308838,36.9166679382324,1933,185,29.1666660308838,110,58.3333320617676,20.8333333333333,0,8.33333333333333,0,32
"424",9,"Nong Thon",4,135,37.5,109.25,1423,392,124.583335876465,113,16.6666660308838,37.5,0,0,0,37
"425",9,"Thanh Pho",4,0,560,591.583312988281,5797,2144,2398.33325195312,367,116.25,316.666666666667,0,166.666666666667,0,54
"426",9,"Thanh Pho",4,382.166656494141,126,57.5,1500,907,61.8333320617676,215,293.166656494141,49.1666666666667,39.8333333333333,0,0,43
"427",9,"Thanh Pho",6,341.666656494141,5.41666650772095,182.08332824707,1759,252,74.5,525,0,0,0,0,0,69
"428",9,"Nong Thon",4,0,142.5,133.33332824707,1891,541,117.25,333.333343505859,188.83332824707,130,0,12.5,0,56
"429",9,"Nong Thon",5,101.166664123535,332,246.41667175293,2214,1348,300.25,108.333335876465,2257.08325195312,25,0,291.666666666667,0,66
"430",9,"Nong Thon",4,70.5833358764648,499.083343505859,21.9166660308838,1882,485,146.5,88.3333358764648,96.6666641235352,433.333333333333,0,20.8333333333333,0,46
"431",9,"Nong Thon",3,625.416687011719,45.8333320617676,397.416656494141,2934,1300,618.333312988281,258.333343505859,511.333343505859,2.08333333333333,0,0,0,45
"432",9,"Nong Thon",5,179.58332824707,110.416664123535,226.08332824707,2833,1156,480.833343505859,301.666656494141,472.5,92.5,0,16.6666666666667,0,46
"433",10,"Thanh Pho",3,267.5,45.8333320617676,772.083312988281,8148,2615,2692.5,539,666.666687011719,0,0,16.6666666666667,0,55
"434",10,"Thanh Pho",5,180.83332824707,175,306.75,1945,601,250.08332824707,267.833343505859,163.33332824707,0,150,25,0,62
"435",10,"Nong Thon",7,3.75,12.5,193.33332824707,1830,270,472.5,20,18.3333339691162,0,0,12.5,0,37
"436",10,"Nong Thon",4,275,1170.58337402344,203.41667175293,1591.90002441406,619,412.75,102.5,354.083343505859,111.666666666667,106.416666666667,916.666666666667,0,44
"437",10,"Nong Thon",7,416.666656494141,219.58332824707,350,3925,820,1706.25,83.3333358764648,798.333312988281,67.9166666666667,83.3333333333333,66.6666666666667,0,53
"438",10,"Nong Thon",7,0,80.8333358764648,364.5,3364,1158,930.25,4383.33349609375,264.416656494141,60,0,20.8333333333333,0,52
"439",10,"Nong Thon",3,125,262.333343505859,87.8333358764648,1144.5,267,114.166664123535,80,144.91667175293,250,0,0,0,55
"440",10,"Nong Thon",6,119.166664123535,739.166687011719,323.333343505859,3028,400,487.583343505859,156.5,256.666656494141,75,70.8333333333333,500,0,66
"441",10,"Thanh Pho",4,87.5,194.91667175293,212.08332824707,2461,961,1691.25,244.33332824707,191.66667175293,166.666666666667,0,20.8333333333333,0,36
"442",10,"Nong Thon",4,1391.66662597656,479.166656494141,355.5,2821,676,467.666656494141,66.25,1180,287.5,108.333333333333,166.666666666667,0,60
"443",10,"Nong Thon",5,383.833343505859,20.8333339691162,328.833343505859,1817,641,394.166656494141,121.666664123535,255.83332824707,0,0,20.8333333333333,0,39
"444",10,"Nong Thon",4,279.833343505859,920.833312988281,397.166656494141,4057,491,206.83332824707,94.3333358764648,529.75,237.5,616.666666666667,66.6666666666667,0,40
"445",10,"Nong Thon",3,0,20.8333339691162,202.5,2289,425,612.5,70.8333358764648,179.16667175293,8.33333333333333,0,12.5,0,33
"446",10,"Nong Thon",5,204.16667175293,291.666656494141,84.75,1403,326,387.666656494141,125,72.0833358764648,0,250,41.6666666666667,0,33
"447",10,"Nong Thon",5,72.5,1048.66662597656,179.91667175293,2574,265,256.25,93.3333358764648,450,186.333333333333,755,0,0,54
"448",10,"Nong Thon",9,217.83332824707,7858.33349609375,142.41667175293,1725.30004882812,303,326.666656494141,125,418.333343505859,58.3333333333333,7766.66666666667,33.3333333333333,0,48
"449",10,"Thanh Pho",5,490.5,62.5,115.416664123535,2066,615,309.166656494141,184,632.416687011719,0,0,62.5,0,37
"450",10,"Thanh Pho",4,350.583343505859,83.0833358764648,172.33332824707,2217,819,436.25,198,170.83332824707,34.1666666666667,0,16.6666666666667,0,46
"451",10,"Nong Thon",3,40,15.3333330154419,228.66667175293,1988,922,700,110,93.3333358764648,0,0,0,0,56
"452",10,"Nong Thon",4,0,10,161.41667175293,1478,470,160.83332824707,30,190.83332824707,0,0,10,0,44
"453",10,"Nong Thon",4,0,0,225.66667175293,5485,1820,2070.83325195312,8633.3330078125,783.333312988281,0,0,0,0,59
"454",10,"Nong Thon",3,673.75,926.666687011719,198.75,2650,1517,651.166687011719,66.6666641235352,551.666687011719,416.666666666667,0,505,0,28
"455",10,"Thanh Pho",4,1043.33337402344,267.916656494141,204.66667175293,2173,868,479.166656494141,215,257.5,181.666666666667,0,0,0,46
"456",10,"Thanh Pho",2,0,287.5,180.83332824707,1842,479,440.833343505859,83.3333358764648,345.833343505859,120.833333333333,0,166.666666666667,0,49
"457",10,"Nong Thon",2,0,166.66667175293,83.0833358764648,1200,319,134.16667175293,35,44.1666679382324,150,0,15,0,44
"458",10,"Thanh Pho",1,0,14.1666669845581,74,1243,344,352.083343505859,354,533.333312988281,1.66666666666667,0,12.5,0,19
"459",10,"Thanh Pho",3,0,161.66667175293,256.083343505859,2838,1247,331.666656494141,198.33332824707,208.33332824707,120,0,41.6666666666667,0,74
"460",10,"Thanh Pho",5,649.166687011719,629.166687011719,763.333312988281,3746,1475,675,415,120,600,0,8.33333333333333,0,67
"461",10,"Thanh Pho",5,750,161.66667175293,254.66667175293,4935,2090,564.166687011719,6265,166.66667175293,58.3333333333333,0,93.3333333333333,0,58
"462",10,"Nong Thon",5,0,145.83332824707,156.75,2937,917,262.916656494141,166.66667175293,41.6666679382324,12.5,125,8.33333333333333,0,47
"463",10,"Thanh Pho",5,13702.5830078125,28.5833339691162,263.333343505859,5471,1487,232.16667175293,682,93.4166641235352,0,0,15,0,54
"464",10,"Nong Thon",4,0,34.5833320617676,155.91667175293,1937,390,190,30,84.5833358764648,17.9166666666667,0,16.6666666666667,0,50
"465",10,"Nong Thon",5,112.833335876465,26.25,138.33332824707,2506,587,225.83332824707,90,304.166656494141,7.08333333333333,0,19.1666666666667,0,50
"466",10,"Thanh Pho",5,85,443.333343505859,197.41667175293,4228,480,204.16667175293,124.666664123535,307.5,233.333333333333,0,183.333333333333,0,44
"467",10,"Nong Thon",10,1846,956.666687011719,191.33332824707,8370,1305,723.333312988281,105,620.833312988281,81.6666666666667,733.333333333333,133.333333333333,0,56
"468",11,"Thanh Pho",4,2080.83325195312,60,441.833343505859,4214,1627,2437.5,453.666656494141,508.333343505859,0,0,25,0,49
"469",11,"Nong Thon",1,0,4.16666650772095,33.9166679382324,803,83,258.75,252.5,70.8333358764648,0,0,4.16666666666667,0,20
"470",11,"Thanh Pho",3,40.5833320617676,0,610.083312988281,4280,780,277.5,1115,150.41667175293,0,0,0,0,30
"471",11,"Thanh Pho",4,0,35.8333320617676,166.75,3069,696,272.666656494141,150.83332824707,245.41667175293,0,0,31.6666666666667,0,63
"472",11,"Nong Thon",5,0,30,163.41667175293,2367,380,192.16667175293,184.16667175293,122.083335876465,5,0,25,0,62
"473",11,"Nong Thon",4,125.833335876465,104,231.91667175293,1388,391,284.5,37.3333320617676,187.5,60.8333333333333,0,12.5,0,32
"474",11,"Thanh Pho",4,568.75,25,161.66667175293,1562,537,328.333343505859,121.666664123535,335.833343505859,0,0,5,0,38
"475",11,"Nong Thon",3,400,438.666656494141,221.33332824707,2782,603,247.08332824707,210,156.66667175293,341.666666666667,0,83.3333333333333,0,70
"476",11,"Thanh Pho",3,0,54.1666679382324,60.5833320617676,1528,341,91.4166641235352,130,88.3333358764648,12.5,0,41.6666666666667,0,29
"477",11,"Nong Thon",2,0,33.3333320617676,301.25,1092,235,305,41,95.3333358764648,16.6666666666667,0,33.3333333333333,0,73
"478",11,"Nong Thon",7,107.166664123535,79.1666641235352,320.833343505859,3144,860,688.333312988281,237.5,82.5,3.33333333333333,29.1666666666667,34.1666666666667,0,51
"479",11,"Nong Thon",5,1166.66662597656,0,171.33332824707,2897,134,362.5,60,128.33332824707,0,0,0,0,49
"480",11,"Nong Thon",4,129.16667175293,270,83.75,1465,107,145,16.6666660308838,330.833343505859,250,0,20,0,29
"481",11,"Thanh Pho",7,1340,15.3333330154419,252.83332824707,2623,773,290.416656494141,35,263.75,0,0,0,0,60
"482",11,"Nong Thon",5,0,154.16667175293,138.91667175293,1700,828,260.833343505859,60,525,0,0,150,0,55
"483",11,"Thanh Pho",4,764.166687011719,111.666664123535,114.916664123535,3010,423,487.083343505859,151.33332824707,531.666687011719,45,0,100,0,63
"484",11,"Thanh Pho",3,386.666656494141,174.16667175293,490.5,3014,876,413.083343505859,301.666656494141,491.416656494141,32.5,100,41.6666666666667,0,37
"485",11,"Thanh Pho",5,802.666687011719,419.333343505859,110.333335876465,1481,490,102.083335876465,65.8333358764648,12.0833330154419,0,316.666666666667,20.8333333333333,0,44
"486",11,"Nong Thon",2,0,64.1666641235352,292.083343505859,2045,651,509.166656494141,108,1058.33337402344,25,0,12.5,0,64
"487",11,"Nong Thon",4,0,258.333343505859,70,1492,408,124.75,31,187.5,30,216.666666666667,10,0,59
"488",11,"Nong Thon",2,0,66.6666641235352,47.4166679382324,665,271,180.83332824707,375,166.66667175293,41.6666666666667,0,25,0,39
"489",11,"Nong Thon",2,0,58.3333320617676,33.25,1029,501,439.166656494141,387,166.66667175293,25,0,33.3333333333333,0,27
"490",11,"Thanh Pho",4,760.666687011719,83.3333358764648,183.33332824707,2800,900,364.166656494141,185,356.666656494141,58.3333333333333,0,4.16666666666667,0,41
"491",11,"Nong Thon",4,0,10,141.58332824707,1704,733,178.33332824707,62.5,216.66667175293,10,0,0,0,52
"492",11,"Thanh Pho",5,0,348.333343505859,171.33332824707,3327,750,491.666656494141,270,447.5,173.333333333333,91.6666666666667,83.3333333333333,0,56
"493",11,"Thanh Pho",2,108.333335876465,367.666656494141,145.66667175293,1985,422,176.66667175293,64.1666641235352,166.66667175293,234.333333333333,0,108.333333333333,0,36
"494",11,"Nong Thon",1,0,0,33.75,1420,156,58.75,130,200,0,0,0,0,18
"495",11,"Nong Thon",4,0,146.66667175293,202.33332824707,1917,829,557.5,90,108.333335876465,130,0,16.6666666666667,0,80
"496",11,"Nong Thon",3,33.25,43.6666679382324,38.6333351135254,1249,725,85,185,168.33332824707,11.6666666666667,0,16.6666666666667,0,37
"497",11,"Nong Thon",4,22.9166660308838,130.83332824707,70.8333358764648,2489,1442,693.75,2678.33325195312,570.833312988281,110.833333333333,0,20,0,57
"498",11,"Nong Thon",1,0,298.666656494141,23.25,577.5,103,42.9166679382324,20,65.6666641235352,248.333333333333,0,26.6666666666667,0,69
"499",11,"Nong Thon",6,177.91667175293,122.5,81.0833358764648,2189,607,269.833343505859,52.1666679382324,471.583343505859,80.4166666666667,0,7.08333333333333,0,45
"500",11,"Thanh Pho",4,137.5,264.166656494141,118.5,1514,453,500.583343505859,520.833312988281,433.333343505859,20.8333333333333,216.666666666667,14.1666666666667,0,43
